,Code_Postal,2021-03,2021-04,2021-05,2021-06,2021-07,2021-08,2021-09,2021-10,2021-11,2021-12,2022-01,2022-02,Ville
0,,,2.0,3.0,20.0,,13.0,6.0,16.0,3.0,11.0,7.0,,
1,00000,,,,1.0,,,,,,,,,
2,00097,,,,,,4.0,,1.0,,,,,
3,01000,,22.0,3.0,13.0,22.0,1.0,2.0,,6.0,,9.0,4.0,SAINT-DENIS-LES-BOURG
4,01100,,,,,,,,,4.0,,,2.0,GROISSIAT
5,01120,,,,,,,,,,2.0,,,NIEVROZ
6,01140,,,,,,,,,,1.0,,,PEYZIEUX-SUR-SAONE
7,01200,,,1.0,,1.0,,,,,,,,CONFORT
8,01240,,1.0,,,,,,,,,,,SAINT-GERMAIN-SUR-RENON
9,01300,,,,,,,1.0,,,,,,MARIGNIEU
10,01600,,,,7.0,,,,,,,,,TOUSSIEUX
11,01630,,,,,,,,9.0,,,,,CHALLEX
12,01700,,2.0,,1.0,,,24.0,1.0,,,,,NEYRON
13,01750,,,1.0,,,,,,,,,,REPLONGES
14,01800,,,1.0,,,,,,,,,,CHARNOZ-SUR-AIN
15,01960,,,50.0,8.0,1.0,3.0,,8.0,,,,,PERONNAS
16,02000,,,1.0,13.0,2.0,8.0,1.0,6.0,3.0,,4.0,,BRAYE-EN-LAONNOIS
17,02100,,,8.0,6.0,10.0,7.0,2.0,17.0,23.0,2.0,4.0,,NEUVILLE-SAINT-AMAND
18,02130,,,,2.0,,,,,,,,,BEUVARDES
19,02140,,,,2.0,,,4.0,,,,,,NAMPCELLES-LA-COUR
20,02150,,,,,2.0,,,,,,,,LA SELVE
21,02200,,,,,,,3.0,,1.0,,,,BELLEU
22,02370,,,,,,,1.0,,,,,,CHAVONNE
23,02400,,,13.0,1.0,18.0,,,3.0,,,3.0,,LUCY-LE-BOCAGE
24,02420,,,,,,,,1.0,,,,,AUBENCHEUL-AUX-BOIS
25,02620,,,,,1.0,,,,,,,,BUIRONFOSSE
26,02700,,,,5.0,,,,,1.0,,,,FRIERES-FAILLOUEL
27,03000,,1.0,,12.0,,,20.0,11.0,26.0,2.0,2.0,,NEUVY
28,03100,2.0,1.0,3.0,5.0,24.0,11.0,1.0,35.0,7.0,2.0,2.0,,MONTLUCON
29,03190,,1.0,,,,,,,,,,,SAINT-CAPRAIS
30,03200,,4.0,,5.0,,,2.0,2.0,3.0,7.0,9.0,,LE VERNET
31,03360,,,,,3.0,,,,,,,,URCAY
32,03370,,,,,,,,2.0,,,,,MESPLES
33,03400,,,,,,,2.0,,,,3.0,,GENNETINES
34,03500,,,,,,,1.0,,,,,,CESSET
35,03600,,,,,,,,,,,1.0,,LOUROUX-DE-BEAUNE
36,04000,,,,,,,2.0,,1.0,11.0,6.0,,DIGNE-LES-BAINS
37,04100,,,,2.0,,13.0,,1.0,5.0,4.0,5.0,,MANOSQUE
38,04160,,,2.0,,,,,,,,,,CHATEAU-ARNOUX-SAINT-AUBAN
39,04200,,,,2.0,7.0,,,,,,,,CHATEAUNEUF-VAL-SAINT-DONAT
40,04380,,,1.0,,,,,,,,,,THOARD
41,05000,,2.0,2.0,3.0,1.0,,6.0,,1.0,5.0,2.0,,LA ROCHETTE
42,05100,,4.0,,2.0,,1.0,4.0,,,,15.0,,PUY-SAINT-PIERRE
43,05230,,6.0,,,,,,,,,,,CHORGES
44,05560,,,,1.0,,,,3.0,,,1.0,,VARS
45,05600,,,,,,,,,1.0,,,,MONT-DAUPHIN
46,06000,5.0,199.0,274.0,394.0,371.0,355.0,529.0,881.0,780.0,875.0,1097.0,25.0,NICE
47,06008,,5.0,3.0,35.0,2.0,38.0,15.0,25.0,22.0,23.0,5.0,2.0,
48,06100,,,4.0,1.0,2.0,6.0,15.0,11.0,39.0,,19.0,,
49,06110,,5.0,,1.0,,1.0,31.0,27.0,44.0,9.0,15.0,1.0,LE CANNET
50,06114,,,,,,,,,1.0,,,,
51,06130,,13.0,9.0,12.0,6.0,127.0,92.0,57.0,85.0,48.0,49.0,53.0,
52,06140,12.0,170.0,207.0,198.0,159.0,180.0,79.0,301.0,427.0,470.0,438.0,7.0,TOURRETTES-SUR-LOUP
53,06150,,,,3.0,2.0,,7.0,1.0,6.0,11.0,,,
54,06160,,,2.0,3.0,,,,19.0,,1.0,,,
55,06190,,,,3.0,2.0,,3.0,2.0,3.0,2.0,10.0,,ROQUEBRUNE-CAP-MARTIN
56,06200,,29.0,4.0,5.0,11.0,51.0,34.0,87.0,62.0,17.0,33.0,,
57,06206,,,,,,,,1.0,1.0,,9.0,,
58,06210,,,2.0,26.0,1.0,,7.0,32.0,2.0,1.0,5.0,,MANDELIEU-LA-NAPOULE
59,06220,,,2.0,1.0,,,,21.0,37.0,39.0,47.0,4.0,VALLAURIS
60,06230,,,,,,4.0,,,,2.0,,,SAINT-JEAN-CAP-FERRAT
61,06240,,,,5.0,2.0,,,11.0,,,1.0,,BEAUSOLEIL
62,06250,,,,,4.0,,,2.0,,3.0,15.0,,MOUGINS
63,06260,,,,4.0,,,,,1.0,,5.0,,LA CROIX-SUR-ROUDOULE
64,06270,,,,,,,,3.0,,,9.0,,VILLENEUVE-LOUBET
65,06300,,39.0,4.0,38.0,22.0,54.0,67.0,43.0,36.0,19.0,36.0,3.0,
66,06310,,,,,,11.0,,,,5.0,,,BEAULIEU-SUR-MER
67,06320,,,,,,1.0,,,,1.0,,,CAP-D'AIL
68,06330,,,,,,3.0,,,,1.0,,,ROQUEFORT-LES-PINS
69,06340,,,,20.0,,2.0,6.0,1.0,1.0,,2.0,,LA TRINITE
70,06360,,,,,,2.0,,,,1.0,,,EZE
71,06370,,33.0,5.0,5.0,24.0,2.0,1.0,7.0,,2.0,1.0,2.0,MOUANS-SARTOUX
72,06380,,,,2.0,,,,,,,8.0,,SOSPEL
73,06390,,,,,2.0,,12.0,,,1.0,,,BERRE-LES-ALPES
74,06400,,20.0,44.0,50.0,52.0,54.0,53.0,62.0,90.0,212.0,102.0,32.0,
75,06410,,5.0,,18.0,,1.0,,2.0,,,4.0,,BIOT
76,06420,,,,2.0,,,,,,,,,MARIE
77,06430,,,,4.0,,1.0,,9.0,12.0,3.0,,,LA BRIGUE
78,06440,,,,1.0,,1.0,,,,,,,TOUET-DE-L'ESCARENE
79,06450,,2.0,1.0,1.0,,,,,,,,,LANTOSQUE
80,06460,,,,2.0,,,,,,1.0,,2.0,CAUSSOLS
81,06470,,,,10.0,,,,,,,,,VILLENEUVE-D'ENTRAUNES
82,06480,,,,,,,,,,1.0,5.0,,LA COLLE-SUR-LOUP
83,06500,,1.0,18.0,23.0,21.0,4.0,24.0,43.0,5.0,,52.0,,CASTILLON
84,06510,,,,23.0,,2.0,2.0,9.0,,6.0,19.0,,CARROS
85,06520,,,,,,,,3.0,,,,,
86,06530,,5.0,,,1.0,,3.0,6.0,1.0,4.0,,,SPERACEDES
87,06540,,,,2.0,,1.0,1.0,11.0,15.0,7.0,19.0,,SAORGE
88,06550,,,3.0,,,,,2.0,,1.0,,6.0,LA ROQUETTE-SUR-SIAGNE
89,06560,,,,1.0,1.0,3.0,,91.0,30.0,3.0,3.0,5.0,VALBONNE
90,06570,,2.0,,,,1.0,,,,1.0,,,SAINT-PAUL-DE-VENCE
91,06600,,18.0,36.0,47.0,31.0,26.0,15.0,115.0,77.0,86.0,76.0,15.0,
92,06610,,,,,,,,2.0,,,,,LA GAUDE
93,06620,,,,,,1.0,,,,,,,CIPIERES
94,06640,,,,,,,,3.0,,,,,SAINT-JEANNET
95,06650,,,,,,2.0,,,,1.0,,,LE ROURET
96,06670,,2.0,,4.0,1.0,1.0,,5.0,1.0,,2.0,,LA ROQUETTE-SUR-VAR
97,06700,,,,,5.0,1.0,2.0,5.0,6.0,4.0,64.0,,SAINT-LAURENT-DU-VAR
98,06730,,,,2.0,7.0,4.0,,,10.0,,,,SAINT-ANDRE-DE-LA-ROCHE
99,06750,,,,,,,3.0,,,,,4.0,CAILLE
100,06800,,2.0,,10.0,,8.0,,6.0,13.0,15.0,17.0,,CAGNES-SUR-MER
101,06810,,,,,,,,,,1.0,,,AURIBEAU-SUR-SIAGNE
102,06830,,,,,,,3.0,,,,,,REVEST-LES-ROCHES
103,06850,,,,1.0,,2.0,,10.0,,,,,BRIANCONNET
104,06910,,,,,,,1.0,,,,,,SIGALE
105,07000,,,1.0,,,1.0,,3.0,15.0,32.0,61.0,,AJOUX
106,07100,,1.0,1.0,,,,,,1.0,1.0,38.0,1.0,ROIFFIEUX
107,07110,,,,,,3.0,,,,,2.0,,VINEZAC
108,07120,,,,,,,,4.0,,,,,LABEAUME
109,07130,,,1.0,,,,,,,,,,SAINT-PERAY
110,07140,,,,,,,,4.0,,10.0,,,LES VANS
111,07150,,,,1.0,,,,,6.0,,1.0,,BESSAS
112,07160,,,,,,,,11.0,,,1.0,,SAINT-JEAN-ROURE
113,07170,,,,,,,,,8.0,,,,DARBRES
114,07200,,6.0,,,,,,3.0,4.0,24.0,30.0,,SAINT-JULIEN-DU-SERRE
115,07220,,,,,,,,,11.0,,,,SAINT-MONTAN
116,07230,,,,,,,,,4.0,,,,PLANZOLLES
117,07240,,,,,,,,2.0,,,,,CHALENCON
118,07250,,,,,,,,,1.0,1.0,1.0,,ROMPON
119,07260,,,,,,,,3.0,,,4.0,,DOMPNAC
120,07300,,,,,,,1.0,,,,,,TOURNON-SUR-RHONE
121,07500,,,,,,,,,,4.0,1.0,,GUILHERAND-GRANGES
122,07700,,,,,,,,2.0,11.0,,13.0,,BOURG-SAINT-ANDEOL
123,07800,,,,,,,,1.0,,,3.0,,LA VOULTE-SUR-RHONE
124,08000,,3.0,3.0,7.0,4.0,,5.0,7.0,10.0,67.0,2.0,,PRIX-LES-MEZIERES
125,08110,,2.0,,,,2.0,,,,,,,WILLIERS
126,08160,,,,,,,,1.0,,,,,FLIZE
127,08200,,,,,,,,,,1.0,,,FLEIGNEUX
128,08210,,,,,,,,1.0,,,,,YONCQ
129,08250,,,,,,,2.0,,,,,,AUTRY
130,08300,,,,,1.0,,,,,,,,ECLY
131,08500,,,,,,,,1.0,,2.0,,,LES MAZURES
132,08600,,,1.0,,,2.0,,,,,,,CHARNOIS
133,08700,,,,,,2.0,,,,,,,NOUZONVILLE
134,08859,,,,,,9.0,,,,,,,
135,09000,,,,,3.0,,,8.0,,2.0,4.0,,L'HERM
136,09050,,,,,,,,,,,2.0,,
137,09100,,,9.0,,,,,,,,,,LES PUJOLS
138,09200,,,4.0,,,,,,,,,,ERP
139,09400,,,,,,,1.0,,,,,,ORNOLAC-USSAT-LES-BAINS
140,10000,,1.0,21.0,4.0,9.0,1.0,22.0,5.0,14.0,4.0,3.0,,TROYES
141,10007,,,,,,,2.0,,,,12.0,,
142,10100,,,,,4.0,,2.0,,3.0,,9.0,,ROMILLY-SUR-SEINE
143,10400,,,,2.0,,,,,1.0,,,,MONTPOTHIER
144,11000,,,3.0,15.0,1.0,1.0,,,13.0,,8.0,,CARCASSONNE
145,11100,,2.0,,3.0,,20.0,4.0,3.0,10.0,,9.0,1.0,MONTREDON-DES-CORBIERES
146,11200,,,,,,,,,2.0,,,,CONILHAC-CORBIERES
147,11210,,,,3.0,,,1.0,,,,,,PORT-LA-NOUVELLE
148,11230,,1.0,,,,,,,,,,,PEYREFITTE-DU-RAZES
149,11300,,,,,,,,,,7.0,,,MAGRIE
150,11400,,,2.0,3.0,,,,,,,,,PUGINIER
151,11510,,,,,,,,13.0,,,,,FEUILLA
152,12000,,,4.0,2.0,,1.0,,,,9.0,4.0,,LE MONASTERE
153,12100,,1.0,,,4.0,,,,,,,,MILLAU
154,12160,,,,,,,,1.0,,,,,MOYRAZES
155,12230,,,,,,,,,1.0,,,,SAINT-JEAN-DU-BRUEL
156,12300,,7.0,,,,,,,,,,,FLAGNAC
157,12390,,,,,,,,2.0,,,,,RIGNAC
158,12500,,,,2.0,,,,,5.0,,,,LASSOUTS
159,12520,,,,,,,,,2.0,,,,COMPEYRE
160,13000,,,,,,13.0,,30.0,12.0,13.0,,,MARSEILLE
161,13001,,4.0,19.0,14.0,1.0,1.0,17.0,36.0,55.0,82.0,80.0,,MARSEILLE--1ER-ARRONDISSEMENT
162,13002,9.0,66.0,97.0,108.0,114.0,109.0,234.0,730.0,500.0,441.0,820.0,42.0,MARSEILLE--2E--ARRONDISSEMENT
163,13003,7.0,13.0,,10.0,7.0,3.0,57.0,92.0,37.0,56.0,93.0,,MARSEILLE--3E--ARRONDISSEMENT
164,13004,,,,,,,10.0,,2.0,,21.0,6.0,MARSEILLE--4E--ARRONDISSEMENT
165,13005,,,,,1.0,,,,,,3.0,,MARSEILLE--5E--ARRONDISSEMENT
166,13006,,,6.0,,,,1.0,17.0,20.0,,11.0,,MARSEILLE--6E--ARRONDISSEMENT
167,13007,,,,,,,,3.0,,4.0,6.0,,MARSEILLE--7E--ARRONDISSEMENT
168,13008,,,,,,4.0,3.0,7.0,25.0,8.0,19.0,,MARSEILLE--8E--ARRONDISSEMENT
169,13009,,,,,,,1.0,4.0,6.0,4.0,,1.0,MARSEILLE--9E--ARRONDISSEMENT
170,13010,,,,,,,9.0,15.0,1.0,,,1.0,MARSEILLE-10E--ARRONDISSEMENT
171,13011,,3.0,,12.0,,,,1.0,,,15.0,,MARSEILLE-11E--ARRONDISSEMENT
172,13012,,,,4.0,5.0,,,2.0,,,,,MARSEILLE-12E--ARRONDISSEMENT
173,13013,,11.0,17.0,14.0,14.0,,16.0,,7.0,16.0,57.0,,MARSEILLE-13E--ARRONDISSEMENT
174,13014,,4.0,,1.0,,,1.0,45.0,1.0,30.0,11.0,,MARSEILLE-14E--ARRONDISSEMENT
175,13015,,,6.0,,,,,31.0,32.0,17.0,49.0,,MARSEILLE-15E--ARRONDISSEMENT
176,13016,,,,,5.0,,,,,,,,MARSEILLE-16E--ARRONDISSEMENT
177,13080,,,12.0,14.0,21.0,23.0,7.0,4.0,19.0,11.0,18.0,,
178,13090,,,,,,,,,4.0,,,,
179,13100,,,1.0,,,,,1.0,,,,,SAINT-ANTONIN-SUR-BAYON
180,13110,,,,,,4.0,,,2.0,1.0,,,PORT-DE-BOUC
181,13120,,,,,,,,,2.0,1.0,,,GARDANNE
182,13127,,,,,7.0,,3.0,25.0,5.0,8.0,,,VITROLLES
183,13130,,,,,,,,18.0,,,,,BERRE-L'ETANG
184,13140,,,,,,,,,,,13.0,,MIRAMAS
185,13150,,,,,,,,,4.0,,,,SAINT-PIERRE-DE-MEZOARGUES
186,13160,,,,2.0,,,,12.0,,,,,CHATEAURENARD
187,13200,,12.0,,21.0,,3.0,5.0,,37.0,2.0,9.0,1.0,ARLES
188,13210,,,,,,,,,,1.0,,,SAINT-REMY-DE-PROVENCE
189,13232,,,,,,,,1.0,,,,,
190,13240,,,,,,,1.0,,,,,,SEPTEMES-LES-VALLONS
191,13250,,,,,,,,,,,1.0,,CORNILLON-CONFOUX
192,13270,,,,5.0,,,,19.0,3.0,1.0,,,FOS-SUR-MER
193,13280,,,,,2.0,,,,,,,,
194,13300,,,,3.0,6.0,,,7.0,1.0,2.0,22.0,,SALON-DE-PROVENCE
195,13320,,,,,,,,,2.0,,,,BOUC-BEL-AIR
196,13360,,,,,,,,,,1.0,,,ROQUEVAIRE
197,13390,,,,,,,,,,1.0,1.0,,AURIOL
198,13400,,19.0,10.0,3.0,2.0,,,12.0,15.0,4.0,7.0,,AUBAGNE
199,13430,,,,,,,,1.0,,,,,EYGUIERES
200,13450,,,,7.0,,,,1.0,,1.0,,,GRANS
201,13490,,,,,,,,,,1.0,,,JOUQUES
202,13500,,,,3.0,,13.0,1.0,10.0,18.0,6.0,20.0,1.0,MARTIGUES
203,13530,,,,1.0,,,,13.0,1.0,,5.0,,TRETS
204,13580,,,,,,,,1.0,,,,,LA FARE-LES-OLIVIERS
205,13600,,1.0,2.0,9.0,,,2.0,1.0,,1.0,,,CEYRESTE
206,13680,,,,,,,,33.0,1.0,2.0,,,LANCON-PROVENCE
207,13690,,,,1.0,,,,,,,,,GRAVESON
208,13700,,,1.0,,15.0,,,14.0,,2.0,,3.0,MARIGNANE
209,13710,,,,,,,,1.0,4.0,,,,FUVEAU
210,13730,,,,,,,,,,4.0,,,SAINT-VICTORET
211,13760,,,,,,,,,1.0,,,,SAINT-CANNAT
212,13770,,,,,,,,5.0,,1.0,,,VENELLES
213,13790,,,,,,,,,,,7.0,,PEYNIER
214,13800,,,,,,,2.0,12.0,14.0,,2.0,,ISTRES
215,13860,,,,,,,,,,1.0,,,PEYROLLES-EN-PROVENCE
216,13870,,,,,,3.0,,,,,,,ROGNONAS
217,13920,,,,,,,,,,1.0,,,SAINT-MITRE-LES-REMPARTS
218,13960,,,,,,,,1.0,,,,,SAUSSET-LES-PINS
219,14000,,19.0,10.0,38.0,67.0,16.0,19.0,12.0,22.0,25.0,41.0,,CAEN
220,14027,,5.0,,,,,,,,,1.0,,
221,14100,,,1.0,,,,,,,,,,L'HOTELLERIE
222,14120,,,,,,,,,1.0,,,,MONDEVILLE
223,14130,,,,,,2.0,,,,,,,LE MESNIL-SUR-BLANGY
224,14200,,,,,,,,,3.0,,,,HEROUVILLE-SAINT-CLAIR
225,14400,,,,,,,,,,,2.0,,COTTUN
226,14500,,,,2.0,4.0,,,,,,1.0,,VAUDRY
227,14670,,,,5.0,,,,,,,,,JANVILLE
228,14710,,,,,,,25.0,,,,,,COLLEVILLE-SUR-MER
229,14780,,,,,,,6.0,,,,,,LION-SUR-MER
230,14800,,2.0,,2.0,,,,,,,,,BONNEVILLE-SUR-TOUQUES
231,15000,,,2.0,1.0,8.0,2.0,3.0,20.0,38.0,40.0,60.0,2.0,AURILLAC
232,15100,,,,,,1.0,,,13.0,3.0,,,SOULAGES
233,15120,,,,2.0,,9.0,1.0,9.0,89.0,128.0,202.0,5.0,JUNHAC
234,15200,,,,,,,,1.0,6.0,,,,MEALLET
235,15500,,,,,,,,,,,1.0,,CHAZELLES
236,16000,,,,,,9.0,8.0,6.0,,1.0,1.0,,ANGOULEME
237,16006,,,,,,,,2.0,,,1.0,,
238,16100,,,,3.0,,10.0,24.0,3.0,43.0,5.0,24.0,,CHATEAUBERNARD
239,16110,,,,,,,,8.0,,,,,LA ROCHETTE
240,16130,,,,,,,1.0,,,,,,SAINT-PREUIL
241,16160,,,,,,,,,1.0,,,,GOND-PONTOUVRE
242,16170,,,,,,,,,7.0,,,,VAUX-ROUILLAC
243,16190,,1.0,,,,,,,,,,10.0,SALLES-LAVALETTE
244,16200,,,4.0,,,,,,,,5.0,,MAINXE
245,16210,,,,,,,1.0,8.0,,,1.0,,ORIVAL
246,16260,,,,,,,,,2.0,,,,LES PINS
247,16270,,,,,,,4.0,,,,,,SURIS
248,16300,,1.0,,,,,1.0,,1.0,,4.0,,MONTCHAUDE
249,16360,,,1.0,,,,,,,8.0,4.0,,BORS (CANTON DE BAIGNES-SAINTE-RADEGONDE)
250,16370,,,,,,2.0,,,,,,,CHERVES-RICHEMONT
251,16380,,,,,,,,1.0,,,,,FEUILLADE
252,16400,,,,4.0,,,,,,,,,VOEUIL-ET-GIGET
253,16500,,,1.0,,,,,,4.0,2.0,,,ABZAC
254,16710,,,,1.0,,,,,,,,,SAINT-YRIEIX-SUR-CHARENTE
255,16730,,,,5.0,,,,,,,,,TROIS-PALIS
256,16800,,17.0,5.0,,,,,,1.0,,,,SOYAUX
257,17000,,24.0,22.0,35.0,2.0,6.0,12.0,74.0,8.0,8.0,35.0,,LA ROCHELLE
258,17100,,,,7.0,,,7.0,1.0,,,3.0,,FONTCOUVERTE
259,17139,,,,,,,,1.0,,,,,DOMPIERRE-SUR-MER
260,17160,,,,,,1.0,,,,,,,HAIMPS
261,17170,,,,,,,5.0,,,,,,LA RONDE
262,17180,,,,,,1.0,,,,,,,PERIGNY
263,17200,,,2.0,,,,1.0,,,,9.0,,SAINT-SULPICE-DE-ROYAN
264,17230,,,,,2.0,,,,,,,,LONGEVES
265,17260,,,,,,,1.0,,,,,,SAINT-ANDRE-DE-LIDON
266,17300,,,,2.0,,,4.0,18.0,7.0,1.0,,,ROCHEFORT
267,17400,,,1.0,9.0,5.0,1.0,4.0,4.0,3.0,,1.0,,FONTENET
268,17420,,,,,3.0,,,,,,,,SAINT-PALAIS-SUR-MER
269,17470,,,,2.0,4.0,1.0,,,,,,,VILLEMORIN
270,17500,,,,,3.0,,,,,,,,LUSSAC
271,17550,,,,,12.0,1.0,10.0,,,,,,DOLUS-D'OLERON
272,17570,,,,,,,,,,,2.0,,SAINT-AUGUSTIN
273,17580,,,,,,1.0,,,,,,,LE BOIS-PLAGE-EN-RE
274,17620,,,,,1.0,,,,,,,,CHAMPAGNE
275,17650,,,,1.0,,,,,,,,,SAINT-DENIS-D'OLERON
276,17700,,,,,,,,9.0,,,,,BREUIL-LA-REORTE
277,17770,,,,,,2.0,1.0,,,,,,LE SEURE
278,18000,,2.0,1.0,10.0,14.0,1.0,1.0,,10.0,4.0,14.0,,BOURGES
279,18100,,,,,1.0,,,,,,,,SAINT-HILAIRE-DE-COURT
280,18120,,,,,,1.0,,,,,,,PREUILLY
281,18200,,,,1.0,,,,,,,,,BRUERE-ALLICHAMPS
282,18370,,,,,,8.0,,,,,,,CHATEAUMEILLANT
283,18700,,,,,1.0,,,,,,,,MENETREOL-SUR-SAULDRE
284,19000,,,6.0,,4.0,,1.0,,4.0,,,,LES ANGLES-SUR-CORREZE
285,19100,,,6.0,4.0,2.0,1.0,10.0,,8.0,,,,BRIVE-LA-GAILLARDE
286,19200,,,,,,,8.0,,1.0,,,,SAINT-PARDOUX-LE-VIEUX
287,19240,,,,,,,1.0,,,,,,SAINT-VIANCE
288,19600,,,,,2.0,,,,,,,,NESPOULS
289,20000,,1.0,,1.0,4.0,1.0,,17.0,,9.0,,1.0,AJACCIO
290,20090,,,,,,,,2.0,,,,,
291,20137,,,1.0,,,,,,,,1.0,,PORTO-VECCHIO
292,20200,,,1.0,1.0,2.0,,1.0,4.0,,,1.0,1.0,SANTA-MARIA-DI-LOTA
293,20240,,,,1.0,,,,,,,,,POGGIO-DI-NAZZA
294,20270,1.0,,,,,,,,,,,,TOX
295,21000,,48.0,25.0,25.0,48.0,6.0,37.0,38.0,19.0,20.0,57.0,5.0,DIJON
296,21110,,1.0,,,,,,,,,,,PREMIERES
297,21130,,3.0,,,,,,,,,,,TILLENAY
298,21160,,,,,,,6.0,,,,,,PERRIGNY-LES-DIJON
299,21170,,3.0,,,,,,,,,,,FRANXAULT
300,21200,,1.0,,,,,,2.0,,,,,CHOREY-LES-BEAUNE
301,21270,,3.0,,,,,,,,,,,PERRIGNY-SUR-L'OGNON
302,21370,,3.0,,,,,,,,,,,PRENOIS
303,21400,,13.0,,,,,,,,,,,PRUSLY-SUR-OURCE
304,21500,,,,,,,,1.0,,,,,COURCELLES-LES-MONTBARD
305,21590,,,,4.0,,,,,,,,,SANTENAY
306,21850,,,,,1.0,,,,,,,,SAINT-APOLLINAIRE
307,22000,,2.0,6.0,2.0,,,,18.0,1.0,10.0,2.0,12.0,SAINT-BRIEUC
308,22100,,,,,5.0,,1.0,,,3.0,,,TADEN
309,22130,,1.0,,,,,,,,,,,CORSEUL
310,22200,,,3.0,,,1.0,,,6.0,,,,SAINT-AGATHON
311,22300,,2.0,2.0,1.0,18.0,3.0,1.0,,2.0,1.0,1.0,,LANMERIN
312,22380,,,,,10.0,,,,,,,,SAINT-CAST-LE-GUILDO
313,22400,,,,,,,1.0,,,,,,LAMBALLE
314,22540,,1.0,,,,,,,,,,,TREGLAMUS
315,22570,,,,,,,,,,,1.0,,LANISCAT
316,22600,,2.0,,,,,,,,,,,LOUDEAC
317,22700,,,,,6.0,,,,,,,,LOUANNEC
318,23000,,5.0,,4.0,,3.0,3.0,,1.0,1.0,13.0,,LA SAUNIERE
319,23220,,2.0,,,,,,,,,,,MORTROUX
320,23800,,,,,,1.0,,,,,,,MAISON-FEYNE
321,24000,2.0,1.0,3.0,9.0,3.0,,,4.0,2.0,,15.0,,PERIGUEUX
322,24100,,4.0,6.0,7.0,1.0,,1.0,,24.0,9.0,,,LEMBRAS
323,24122,,,,,,,,2.0,,,,,
324,24140,,,2.0,,,,,,,,,,VILLAMBLARD
325,24200,,1.0,,,,,,,,,,,PROISSANS
326,24230,,1.0,,,,,,,,,,,SAINT-ANTOINE-DE-BREUILH
327,24400,,,,,,,,,,7.0,1.0,,BOURGNAC
328,24410,,,,,,,,1.0,,,,,LA JEMAYE
329,24470,,,,,,5.0,,,,,,,MILHAC-DE-NONTRON
330,24490,,,,,4.0,,,,,,,,LA ROCHE-CHALAIS
331,24510,,,,,,,1.0,,,,,,SAINT-MARCEL-DU-PERIGORD
332,24600,,6.0,,,3.0,,,,,,3.0,,SAINT-MARTIN-DE-RIBERAC
333,24700,,,,,4.0,,,7.0,,,,,SAINT-GERAUD-DE-CORPS
334,24750,,,8.0,,,,,,,,,,TRELISSAC
335,25000,9.0,,11.0,7.0,7.0,22.0,18.0,8.0,28.0,7.0,27.0,,BESANCON
336,25130,,,,,,,,,,3.0,,,VILLERS-LE-LAC
337,25170,,,,4.0,,1.0,,,5.0,,,,COURCHAPON
338,25200,,,,,,,16.0,14.0,,,,,BETHONCOURT
339,25220,,,1.0,,,,,,,,,,VAIRE-ARCIER
340,25300,,,2.0,,,4.0,,,4.0,,,,DOMMARTIN
341,25520,,,,,,,1.0,,,,,,BIANS-LES-USIERS
342,25870,,,,,,,,1.0,,,,,CUSSEY-SUR-L'OGNON
343,26000,,7.0,4.0,1.0,17.0,14.0,7.0,36.0,26.0,25.0,33.0,14.0,VALENCE
344,26100,,,,,,3.0,8.0,,,2.0,,,ROMANS-SUR-ISERE
345,26110,,,,,,,,,,,2.0,,BELLECOMBE-TARENDOL
346,26140,,,,,,18.0,,,,,,,ALBON
347,26150,,,,,,,,,,,3.0,,LAVAL-D'AIX
348,26200,,4.0,,7.0,,2.0,1.0,10.0,,1.0,4.0,,MONTELIMAR
349,26230,,,,,,1.0,,,,,,,CHANTEMERLE-LES-GRIGNAN
350,26240,,,,1.0,,3.0,,,,2.0,,,CLAVEYSON
351,26300,,,,1.0,,,,,,,,5.0,CHARPEY
352,26400,,,,,,,5.0,,,,1.0,,SOYANS
353,26460,,,,,,,,,13.0,,,,BEZAUDUN-SUR-BINE
354,26500,,,,,,,,,,,8.0,,BOURG-LES-VALENCE
355,26560,,,,1.0,,,,,,,,,EYGALAYES
356,26600,,,,,1.0,,,,,,,,EROME
357,26700,,,,,,,1.0,,5.0,,28.0,,PIERRELATTE
358,27000,,,,,8.0,,,4.0,,,,,EVREUX
359,27100,,,,,,,,,,,6.0,,TOURNEDOS-SUR-SEINE
360,27130,,,1.0,,,,,,,,2.0,,COURTEILLES
361,27140,,,1.0,,,,,,,2.0,7.0,,BAZINCOURT-SUR-EPTE
362,27150,,,,1.0,,,,,,,,,LE THIL
363,27200,,,9.0,3.0,15.0,7.0,9.0,8.0,3.0,1.0,36.0,,VERNON
364,27250,,,1.0,,,,,,,,,,BOIS-ARNAULT
365,27270,,,,,,,,1.0,,,,,LA TRINITE-DE-REVILLE
366,27300,,,,10.0,,,,,,,,,PLAINVILLE
367,27380,,,,,,,,11.0,,,,,FLEURY-SUR-ANDELLE
368,27480,,,12.0,2.0,,,,,,,,,BOSQUENTIN
369,27500,,,5.0,,,,,,,,,,TOURVILLE-SUR-PONT-AUDEMER
370,27540,,,,,,,1.0,,,,,,IVRY-LA-BATAILLE
371,27620,,,,6.0,,,,,,,,,SAINTE-GENEVIEVE-LES-GASNY
372,27800,,,,,,,,,,5.0,,,NOTRE-DAME-D'EPINE
373,27910,,,,,,,,5.0,,,,,LES HOGUES
374,27950,,,,,,1.0,,,,,,,SAINT-VINCENT-DES-BOIS
375,28000,,3.0,4.0,14.0,10.0,1.0,,15.0,5.0,20.0,4.0,11.0,CHARTRES
376,28100,,,,1.0,,1.0,6.0,18.0,1.0,14.0,,,DREUX
377,28130,,,,,4.0,,,,,,,,SAINT-MARTIN-DE-NIGELLES
378,28150,,,,,,,,2.0,,,,,MONTAINVILLE
379,28200,,2.0,,,,,,,,,,,LANNERAY
380,28230,,,,13.0,8.0,1.0,,18.0,1.0,,,,DROUE-SUR-DROUETTE
381,28300,,,1.0,1.0,,,,,,,,,CHAMPHOL
382,28330,,,,,,1.0,,,,,,,AUTHON-DU-PERCHE
383,28400,,8.0,,,,,,,,,,,BRUNELLES
384,28500,,,,,4.0,,,,,,,,SAULNIERES
385,28630,,,,,,,,,,,,8.0,MORANCEZ
386,28700,,3.0,,,,,,,,,,,ARDELU
387,29000,,,1.0,,,10.0,,2.0,15.0,1.0,1.0,,QUIMPER
388,29100,,,,,1.0,,,,,,,,KERLAZ
389,29150,,,,,,,,,9.0,,3.0,,CHATEAULIN
390,29200,,14.0,11.0,34.0,9.0,6.0,,32.0,24.0,30.0,13.0,1.0,BREST
391,29270,,,,,,,,,,2.0,,,KERGLOFF
392,29280,,,,,,,,,2.0,,,,LOCMARIA-PLOUZANE
393,29300,,,,,,,3.0,1.0,2.0,,,,MELLAC
394,29400,,,,,,,1.0,,,,,,SAINT-SERVAIS
395,29460,,,,,4.0,,,,,,,,DAOULAS
396,29470,,,,,,,,,,,16.0,,LOPERHET
397,29590,,,,,,,,7.0,,,,,LOPEREC
398,29600,,1.0,,,,1.0,,2.0,,,1.0,2.0,SAINT-MARTIN-DES-CHAMPS
399,29630,,,,,3.0,,,,,,,,PLOUGASNOU
400,29800,,,,1.0,,,,,,,,,LA FOREST-LANDERNEAU
401,29900,,,,,,,,,,,7.0,,CONCARNEAU
402,30000,,1.0,,,13.0,,,,,,,,
403,30100,,1.0,1.0,,,10.0,,49.0,1.0,,23.0,,ALES
404,30120,,,,,,,,2.0,,,,,ROGUES
405,30140,,,,,3.0,,,,,,,,SAINT-JEAN-DU-PIN
406,30190,,,,,,,,,,,2.0,,SAINT-GENIES-DE-MALGOIRES
407,30200,,,,1.0,,,,,,,,,SAINT-ETIENNE-DES-SORTS
408,30240,,1.0,,,,,,,,,,,LE GRAU-DU-ROI
409,30270,,,,,1.0,,,,,,,,SAINT-JEAN-DU-GARD
410,30360,,,,,,,,3.0,,,,,MARTIGNARGUES
411,30700,1.0,,1.0,,,,,,,,,,MONTAREN-ET-SAINT-MEDIERS
412,30900,,3.0,,2.0,,4.0,3.0,8.0,2.0,,3.0,1.0,
413,31000,1.0,25.0,7.0,18.0,5.0,,76.0,12.0,5.0,1.0,5.0,,
414,31058,,,1.0,,,,,,,,,,
415,31100,,1.0,1.0,,3.0,,,,,,,,
416,31120,,,,,,,3.0,2.0,,,,,PINSAGUEL
417,31200,,,,7.0,2.0,2.0,,3.0,,2.0,,,
418,31270,,,1.0,,,,,,,,,,FROUZINS
419,31290,,,,,4.0,,,,,,,,BEAUTEVILLE
420,31300,2.0,99.0,59.0,115.0,92.0,88.0,99.0,92.0,86.0,95.0,110.0,25.0,
421,31320,,,,5.0,,,,,,,,,PECHBUSQUE
422,31390,,,,,,,,2.0,,,,,CARBONNE
423,31400,,,1.0,2.0,,,6.0,6.0,5.0,,,,
424,31440,,,,,,10.0,,,,,,,LEZ
425,31450,,,,,,,,,5.0,,,,LABASTIDE-BEAUVOIR
426,31470,,,,,,,1.0,,,,,,BONREPOS-SUR-AUSSONNELLE
427,31480,,,,,,,,1.0,,,,,CAUBIAC
428,31490,,,,,,1.0,,,,,,,LEGUEVIN
429,31500,,7.0,11.0,4.0,,4.0,5.0,6.0,7.0,,16.0,,
430,31530,,,,,2.0,,,,,,,,MONTAIGUT-SUR-SAVE
431,31560,,,,,1.0,,,,,,,,SAINT-LEON
432,31600,,,,,,23.0,,6.0,,,,,SEYSSES
433,31700,,1.0,,6.0,,14.0,16.0,,,,1.0,,CORNEBARRIEU
434,31703,,,,7.0,,,,1.0,,,,,
435,31770,,,,,,,,,4.0,,,,COLOMIERS
436,31780,,,,,,,1.0,,,,,,CASTELGINEST
437,31800,,,2.0,18.0,,,,3.0,,5.0,,,MIRAMONT-DE-COMMINGES
438,31820,,,,,,,,,,,9.0,,PIBRAC
439,31860,,,,,,,5.0,,,,,,VILLATE
440,32000,,,2.0,7.0,3.0,,2.0,,,1.0,,,AUCH
441,33000,286.0,2327.0,2617.0,2815.0,2079.0,1998.0,2280.0,2621.0,2636.0,2394.0,3125.0,153.0,BORDEAUX
442,33045,,2.0,,,,,,,,,,,
443,33100,,2.0,4.0,2.0,2.0,13.0,2.0,5.0,10.0,10.0,12.0,,
444,33110,,,,,,,1.0,,12.0,,,,LE BOUSCAT
445,33113,,,,,,,,,,,1.0,,SAINT-LEGER-DE-BALSON
446,33120,1.0,13.0,3.0,23.0,8.0,8.0,10.0,,47.0,38.0,11.0,,ARCACHON
447,33121,,,1.0,,,,,,,,,,CARCANS
448,33124,,,,,,,,3.0,,,,,BERTHEZ
449,33127,,3.0,,,,,,,,,,,MARTIGNAS-SUR-JALLE
450,33130,11.0,30.0,,,1.0,,3.0,,30.0,5.0,,,BEGLES
451,33138,,5.0,,3.0,,,,,,,1.0,,LANTON
452,33140,,4.0,1.0,1.0,4.0,,,2.0,1.0,7.0,19.0,,VILLENAVE-D'ORNON
453,33150,,64.0,19.0,68.0,57.0,28.0,37.0,11.0,30.0,37.0,31.0,,CENON
454,33160,,24.0,1.0,5.0,2.0,5.0,,3.0,,1.0,5.0,,SAINT-AUBIN-DE-MEDOC
455,33170,,9.0,,11.0,2.0,8.0,1.0,,4.0,7.0,1.0,,GRADIGNAN
456,33185,,8.0,,1.0,,5.0,,,17.0,,16.0,,LE HAILLAN
457,33190,2.0,,,,4.0,7.0,11.0,13.0,,,6.0,,BAGAS
458,33200,,9.0,,,2.0,,1.0,58.0,,6.0,23.0,1.0,
459,33210,,,8.0,,2.0,2.0,2.0,,41.0,2.0,19.0,,CASTETS-EN-DORTHE
460,33220,,18.0,,,,,,,,3.0,2.0,,PORT-SAINTE-FOY-ET-PONCHAPT
461,33230,,,,12.0,,,,,2.0,2.0,12.0,,MARANSIN
462,33240,,,,,3.0,21.0,5.0,,13.0,,3.0,,TARNES
463,33250,,,,2.0,,5.0,,,5.0,,1.0,,SAINT-SAUVEUR
464,33260,,,,,,,,,,6.0,,,LA TESTE-DE-BUCH
465,33270,,21.0,1.0,3.0,4.0,1.0,1.0,7.0,10.0,5.0,6.0,6.0,FLOIRAC
466,33290,,12.0,6.0,1.0,,32.0,30.0,3.0,5.0,,,,PAREMPUYRE
467,33300,3.0,49.0,111.0,40.0,44.0,53.0,43.0,31.0,43.0,30.0,9.0,2.0,
468,33310,,10.0,8.0,35.0,3.0,39.0,45.0,13.0,20.0,20.0,21.0,2.0,LORMONT
469,33320,,17.0,17.0,2.0,12.0,22.0,1.0,5.0,5.0,,2.0,,LE TAILLAN-MEDOC
470,33340,,,,2.0,4.0,29.0,,47.0,36.0,,,,PRIGNAC-EN-MEDOC
471,33350,,,,2.0,,,,,,4.0,,,BELVES-DE-CASTILLON
472,33360,,,,4.0,,,,,,,,,CAMBLANES-ET-MEYNAC
473,33370,,,,,,,1.0,3.0,54.0,2.0,3.0,,BONNETAN
474,33380,,,1.0,,,,,,,1.0,6.0,,MARCHEPRIME
475,33390,1.0,,,,,10.0,2.0,8.0,,,9.0,,SAINT-GENES-DE-BLAYE
476,33400,3.0,19.0,53.0,23.0,28.0,34.0,25.0,41.0,36.0,34.0,45.0,7.0,TALENCE
477,33410,,,1.0,,,,,,,,1.0,,LOUPIAC
478,33430,,,4.0,2.0,,,10.0,,,,,,GANS
479,33440,,6.0,,,6.0,,,6.0,,2.0,,,AMBARES-ET-LAGRAVE
480,33450,,,,,,,,7.0,3.0,,,,MONTUSSAN
481,33470,,1.0,,8.0,,,2.0,,,2.0,1.0,,LE TEICH
482,33480,,,,4.0,,,,,,,,,CASTELNAU-DE-MEDOC
483,33490,,,,,1.0,,,,,,,,SAINT-PIERRE-D'AURILLAC
484,33500,4.0,18.0,65.0,33.0,8.0,28.0,25.0,45.0,117.0,51.0,62.0,23.0,NEAC
485,33510,,5.0,,,,12.0,,,,9.0,,,ANDERNOS-LES-BAINS
486,33520,,2.0,2.0,7.0,3.0,2.0,12.0,2.0,15.0,1.0,2.0,,BRUGES
487,33530,2.0,,,2.0,2.0,,,2.0,,15.0,,,BASSENS
488,33540,,,,,,,,,1.0,,,,SAINT-MARTIN-DE-LERM
489,33550,,,4.0,,,,,,,,,,VILLENAVE-DE-RIONS
490,33560,,3.0,,,,,,3.0,1.0,,9.0,,SAINTE-EULALIE
491,33580,,,,,,,9.0,4.0,,,,,COURS-DE-MONSEGUR
492,33590,,,,,,1.0,,,,,4.0,,SAINT-VIVIEN-DE-MEDOC
493,33600,,18.0,12.0,11.0,14.0,5.0,11.0,23.0,55.0,102.0,33.0,,PESSAC
494,33607,,,,,,,,,3.0,,,,
495,33610,,,,,,,,3.0,1.0,2.0,,,CESTAS
496,33620,,,,,,,,,1.0,,,,MARSAS
497,33640,,,,,,,2.0,1.0,,,,,CASTRES-GIRONDE
498,33650,,,,3.0,,,2.0,,1.0,,,,LA BREDE
499,33660,,,,,,,,,1.0,,,,CAMPS-SUR-L'ISLE
500,33670,,10.0,6.0,,,,2.0,,2.0,,,,MADIRAC
501,33680,,16.0,2.0,,,,2.0,,,,,,LE TEMPLE
502,33700,,19.0,93.0,26.0,53.0,47.0,46.0,35.0,96.0,44.0,47.0,2.0,MERIGNAC
503,33710,,,,,,,,,2.0,4.0,3.0,,PUGNAC
504,33720,,4.0,,,,,,,2.0,,,,GUILLOS
505,33740,,,,,,1.0,,,,,,,ARES
506,33750,,,,,,3.0,,,,,,,BEYCHAC-ET-CAILLAU
507,33760,,,,,,,,3.0,3.0,,,,BELLEBAT
508,33770,,,,5.0,,,,,,,,,SALLES
509,33780,,,,,,1.0,,,,,,,SOULAC-SUR-MER
510,33800,5.0,26.0,36.0,65.0,35.0,44.0,88.0,53.0,119.0,46.0,98.0,14.0,
511,33810,,,,,,,2.0,12.0,,,,,AMBES
512,33830,,,,3.0,,,,,,,,,BELIN-BELIET
513,33840,,,,,,,,,,,1.0,,ESCAUDES
514,33850,,,4.0,4.0,,,,,2.0,,5.0,,LEOGNAN
515,33880,,,,,,,1.0,,,,,,SAINT-CAPRAIS-DE-BORDEAUX
516,33910,,,,,,,,,3.0,,,,SAINT-MARTIN-DU-BOIS
517,33920,,,,,,,,,3.0,1.0,,3.0,SAINT-SAVIN
518,33950,,,,1.0,,,,,,,,,LEGE-CAP-FERRET
519,33980,,,,,,,,,,,1.0,,AUDENGE
520,34000,,7.0,11.0,15.0,3.0,19.0,16.0,16.0,34.0,32.0,102.0,8.0,MONTPELLIER
521,34070,,,,,,,,,,2.0,5.0,,
522,34080,,52.0,29.0,31.0,59.0,41.0,91.0,126.0,270.0,520.0,1125.0,105.0,
523,34090,,,,,,,3.0,8.0,2.0,1.0,2.0,,
524,34110,,,,,,,,1.0,,,3.0,13.0,VIC-LA-GARDIOLE
525,34120,,,1.0,,,,2.0,,,2.0,,,TOURBES
526,34130,,,1.0,,,,,,,1.0,,,LANSARGUES
527,34150,,,,,,,,,6.0,12.0,3.0,,LAGAMAS
528,34160,,,,,,,,,,,7.0,2.0,SAINT-HILAIRE-DE-BEAUVOIR
529,34170,,,,,,,4.0,3.0,,8.0,23.0,6.0,CASTELNAU-LE-LEZ
530,34190,,,,,,,,1.0,,9.0,37.0,1.0,MOULES-ET-BAUCELS
531,34200,,,,,,,2.0,,7.0,10.0,43.0,,SETE
532,34230,,,,14.0,,,,,,,,,POUZOLS
533,34250,,,,,,,,24.0,,,7.0,,PALAVAS-LES-FLOTS
534,34270,,,,,,,,4.0,2.0,1.0,1.0,,LAURET
535,34290,,,,,,,,,1.0,,2.0,,MONTBLANC
536,34300,13.0,1.0,,,1.0,10.0,,,,,14.0,,AGDE
537,34350,,,,,,,,,,,1.0,,VALRAS-PLAGE
538,34380,,,,7.0,,,,,,,,2.0,ARGELLIERS
539,34400,,,,,,,,2.0,1.0,14.0,19.0,,SAINT-NAZAIRE-DE-PEZAN
540,34410,,,,,,,,,,,,2.0,SAUVIAN
541,34420,,,,,,,,,,,1.0,,VILLENEUVE-LES-BEZIERS
542,34450,,,,,,,,,,,4.0,,VIAS
543,34470,,,,,,,,,,2.0,,,PEROLS
544,34490,,,,,,,,,,,9.0,,PAILHES
545,34500,,7.0,5.0,,,4.0,11.0,16.0,5.0,7.0,121.0,3.0,BEZIERS
546,34550,,,,,,,,,,,,2.0,BESSAN
547,34570,,,,,,,,,,14.0,25.0,,VAILHAUQUES
548,34660,,,,,,,,,,,6.0,,COURNONTERRAL
549,34690,,,,,,,,,,13.0,,,FABREGUES
550,34710,,,,,,,,,,,4.0,,LESPIGNAN
551,34725,,,,,,,,,,1.0,1.0,,JONQUIERES
552,34730,,,,,,,,,,,4.0,,PRADES-LE-LEZ
553,34770,,,,,,,,,,,1.0,,GIGEAN
554,34830,,,,,,,1.0,,,1.0,1.0,,CLAPIERS
555,34920,,,,,,,,,,7.0,,,LE CRES
556,34970,,1.0,,,,,8.0,,,,41.0,4.0,LATTES
557,34980,,,,,,,,,,,15.0,,SAINT-GELY-DU-FESC
558,34990,,,,,,,,,,1.0,,,JUVIGNAC
559,35000,3.0,65.0,63.0,65.0,20.0,42.0,65.0,195.0,104.0,22.0,118.0,17.0,RENNES
560,35005,,,,,,2.0,,,2.0,,,,
561,35130,,,,,,,,1.0,,,,,ARBRISSEL
562,35131,,,,,,1.0,,,,,,,CHARTRES-DE-BRETAGNE
563,35133,,1.0,,,,,,3.0,,5.0,,,LANDEAN
564,35140,,,,,,,,,,1.0,,,SAINT-HILAIRE-DES-LANDES
565,35150,,,1.0,,,,1.0,1.0,,,,,ESSE
566,35160,,1.0,,,,,,,,,,,BRETEIL
567,35170,,,,,,,,,,,,4.0,BRUZ
568,35200,,,,,,2.0,,5.0,2.0,,,,
569,35220,,6.0,,,,,,,,,,,CHATEAUBOURG
570,35270,,,,,,,,2.0,,,,,SAINT-LEGER-DES-PRES
571,35300,,,,,,,,1.0,,,,,FOUGERES
572,35330,,,,1.0,,,,,,,,,BOVEL
573,35340,,,,1.0,,,,,,,,,ERCE-PRES-LIFFRE
574,35370,,,,,,,,2.0,,,,,GENNES-SUR-SEICHE
575,35400,,15.0,5.0,,12.0,12.0,,8.0,6.0,,2.0,,SAINT-MALO
576,35410,,,,,,,,2.0,,,,,DOMLOUP
577,35440,,,,2.0,3.0,,,,,,,,MONTREUIL-SUR-ILLE
578,35470,,,,,,,,1.0,,,,,PLECHATEL
579,35500,,,1.0,,,,3.0,,,,,,TAILLIS
580,35510,,,,,,,,2.0,,,,,CESSON-SEVIGNE
581,35520,,4.0,,3.0,,,,,,,,,LA MEZIERE
582,35600,6.0,2.0,,,,,,10.0,19.0,,,,SAINTE-MARIE
583,35680,,,,,,,,,,,11.0,,VERGEAL
584,35700,,,9.0,,16.0,4.0,,9.0,,,,,
585,35720,1.0,,,,,,,,,,,,PLEUGUENEUC
586,35800,,,,,,7.0,,,,,,,DINARD
587,36000,,9.0,6.0,,4.0,22.0,125.0,106.0,203.0,302.0,263.0,15.0,CHATEAUROUX
588,36100,,,6.0,,,14.0,4.0,3.0,1.0,12.0,20.0,,BRIVES
589,36120,,,,,,,,2.0,,,,,AMBRAULT
590,36130,,,1.0,,,,,,,,,,MONTIERCHAUME
591,36140,,,,,,,,,,,6.0,,LOURDOUEIX-SAINT-MICHEL
592,36150,,,,,,,4.0,3.0,,,,,BUXEUIL
593,36200,,,,,,,,4.0,,,2.0,,SAINT-MARCEL
594,36210,,,,,,,,,,,2.0,,VARENNES-SUR-FOUZON
595,36250,,,,,,,,8.0,,14.0,1.0,,SAINT-MAUR
596,36300,,,,,,,2.0,6.0,16.0,18.0,18.0,2.0,CIRON
597,36370,,,,,,,,,,,1.0,,LIGNAC
598,36400,,3.0,17.0,2.0,,1.0,19.0,17.0,44.0,215.0,124.0,9.0,VICQ-EXEMPLET
599,36500,,,,,,,,,,,1.0,2.0,LA CHAPELLE-ORTHEMALE
600,36600,,,,,,,4.0,,2.0,5.0,,,VEUIL
601,36700,,,,,,,6.0,,,,2.0,6.0,LE TRANGER
602,37000,1.0,39.0,27.0,39.0,12.0,74.0,31.0,25.0,35.0,40.0,84.0,1.0,
603,37100,,1.0,1.0,,,,,2.0,,,,,
604,37120,,,,,,,,3.0,,,,,BRASLOU
605,37130,,,,,,,2.0,,,,,,LANGEAIS
606,37170,,,,,,1.0,,,,,,,CHAMBRAY-LES-TOURS
607,37190,,,,,,1.0,,,,,,,DRUYE
608,37200,,,,,,,,1.0,,,,,
609,37210,,2.0,,2.0,,,1.0,2.0,3.0,,,,CHANCAY
610,37300,,,,,,1.0,7.0,,,,,,JOUE-LES-TOURS
611,37400,,,,1.0,,,,,,,,,LUSSAULT-SUR-LOIRE
612,37540,,,,,,,,,1.0,,,,SAINT-CYR-SUR-LOIRE
613,37700,,,,3.0,,,,,,,,,SAINT-PIERRE-DES-CORPS
614,38000,,1.0,59.0,6.0,,15.0,3.0,5.0,9.0,,17.0,,
615,38100,4.0,14.0,58.0,19.0,36.0,49.0,17.0,25.0,79.0,28.0,65.0,11.0,
616,38110,,,,,,,,1.0,,,,,MONTAGNIEU
617,38130,,,,,,1.0,,,,,,,ECHIROLLES
618,38160,,,,9.0,4.0,,,,,,,,SAINT-MARCELLIN
619,38230,,,,,6.0,,1.0,11.0,,,,,CHARVIEU-CHAVAGNEUX
620,38300,,,,1.0,,,,2.0,,,,,CRACHIER
621,38340,,,,,,,,,,1.0,,,VOREPPE
622,38360,,,,,,,,2.0,,,,,SASSENAGE
623,38370,,,,,,,,3.0,,,,,SAINT-PRIM
624,38380,,,7.0,,,,,,,,,,SAINT-LAURENT-DU-PONT
625,38400,,,,,,9.0,,1.0,,,,,SAINT-MARTIN-D'HERES
626,38460,,,,2.0,,,,,,,,,VEYSSILIEU
627,38500,,,1.0,,,,,7.0,1.0,1.0,4.0,,VOIRON
628,38510,,,1.0,,,,,,,,,,VEZERONCE-CURTIN
629,38530,,15.0,,,,,,,,,,,SAINT-MAXIMIN
630,38600,,,,,1.0,,,3.0,,,,,FONTAINE
631,38620,,,,,,,,,1.0,,,,VOISSANT
632,38630,,,,,,1.0,,,,,,,CORBELIN
633,38860,,,,,,,,,,,1.0,,MONT-DE-LANS
634,39000,,,,13.0,3.0,,,4.0,,,1.0,,LONS-LE-SAUNIER
635,39100,,2.0,,2.0,,1.0,,10.0,1.0,,2.0,1.0,SAMPANS
636,39300,,,2.0,,,,,,,,,,LE LARDERET
637,40000,,,4.0,15.0,6.0,,7.0,,12.0,5.0,,,MONT-DE-MARSAN
638,40100,,,1.0,5.0,5.0,,5.0,8.0,,1.0,,,DAX
639,40130,,,,,,4.0,,,,,,,CAPBRETON
640,40210,,,,,,,,,4.0,,,,LABOUHEYRE
641,40230,,,,,,3.0,,,,,,,SAUBRIGUES
642,40400,,,,,,,,16.0,,1.0,,,BEGAAR
643,40500,,,1.0,,,,,,,,,,COUDURES
644,40600,,,,,1.0,,,,2.0,,,,BISCARROSSE
645,40990,,6.0,1.0,,,,,,3.0,,,,MEES
646,41000,,1.0,10.0,7.0,2.0,5.0,19.0,4.0,15.0,27.0,14.0,1.0,VILLERBON
647,41100,,,,,,12.0,,,4.0,,,,MESLAY
648,41200,,,12.0,,,,1.0,,,,,,MILLANCAY
649,41250,,1.0,,,,,,,,,,,MASLIVES
650,41300,,,8.0,,,,,,,,,,PIERREFITTE-SUR-SAULDRE
651,41330,,,,,,,1.0,,,,,,FOSSE
652,41700,,,,,,,3.0,,,,,,COUR-CHEVERNY
653,42000,,11.0,,,5.0,2.0,5.0,41.0,18.0,4.0,2.0,,
654,42100,,,,,,,5.0,,,,,,
655,42120,,,,,,,1.0,,,,,,PARIGNY
656,42130,,1.0,1.0,,,,,,,,,,LEIGNEUX
657,42240,,,,32.0,,,,,,,,,UNIEUX
658,42300,1.0,1.0,2.0,10.0,4.0,,2.0,,38.0,5.0,,,ROANNE
659,42530,,,,1.0,,,,,,,,,SAINT-GENEST-LERPT
660,42600,,,,,5.0,,,,,,,,CHALAIN-LE-COMTAL
661,42700,,,45.0,48.0,,,,,28.0,,,,FIRMINY
662,42800,,,,,,,2.0,,,,,,TARTARAS
663,43100,,,,2.0,,,,,9.0,,1.0,,LUBILHAC
664,43340,,,,,,1.0,,,,,,,SAINT-HAON
665,44000,80.0,933.0,1505.0,2000.0,1583.0,857.0,2009.0,1867.0,1656.0,1553.0,1667.0,138.0,NANTES
666,44032,,,,,,1.0,,,,,,,
667,44036,,,,,,,1.0,,1.0,,,,
668,44041,,6.0,3.0,15.0,6.0,18.0,1.0,43.0,4.0,5.0,2.0,,
669,44100,2.0,8.0,31.0,20.0,80.0,8.0,8.0,111.0,72.0,57.0,8.0,,
670,44110,4.0,13.0,17.0,,3.0,2.0,2.0,3.0,1.0,15.0,4.0,,CHATEAUBRIANT
671,44115,,,3.0,,2.0,,,,,3.0,,,BASSE-GOULAINE
672,44116,,,,2.0,2.0,,,,,7.0,,,VIEILLEVIGNE
673,44119,,2.0,,,,,,,,,9.0,,GRANDCHAMPS-DES-FONTAINES
674,44120,,,1.0,1.0,,3.0,1.0,2.0,26.0,,7.0,,VERTOU
675,44130,,7.0,3.0,,,,2.0,1.0,2.0,,10.0,,FAY-DE-BRETAGNE
676,44140,,,,,1.0,9.0,,1.0,,,5.0,,AIGREFEUILLE-SUR-MAINE
677,44150,,1.0,2.0,,2.0,,13.0,7.0,10.0,13.0,8.0,,ANETZ
678,44160,,,,,,,3.0,7.0,2.0,,2.0,,CROSSAC
679,44170,,,,1.0,6.0,,,1.0,1.0,,1.0,,TREFFIEUX
680,44190,,4.0,3.0,,20.0,6.0,5.0,22.0,6.0,1.0,4.0,,GETIGNE
681,44200,,9.0,12.0,1.0,7.0,5.0,40.0,34.0,75.0,15.0,31.0,,
682,44210,,,,2.0,4.0,,,8.0,8.0,19.0,12.0,,PORNIC
683,44230,,6.0,,3.0,1.0,22.0,1.0,,,1.0,1.0,,SAINT-SEBASTIEN-SUR-LOIRE
684,44240,,11.0,1.0,10.0,,3.0,11.0,6.0,10.0,6.0,,,SUCE-SUR-ERDRE
685,44250,,,,6.0,3.0,1.0,17.0,5.0,,,,,SAINT-BREVIN-LES-PINS
686,44260,,1.0,,3.0,,1.0,,1.0,2.0,6.0,2.0,,LA CHAPELLE-LAUNAY
687,44270,,,,,,,17.0,2.0,,26.0,9.0,,PAULX
688,44300,,40.0,17.0,46.0,15.0,17.0,15.0,18.0,79.0,31.0,35.0,10.0,
689,44305,,,,,,,,2.0,,,,,
690,44310,,,,,1.0,,,1.0,,6.0,,,SAINT-PHILBERT-DE-GRAND-LIEU
691,44320,,,,,,,,,,1.0,4.0,,CHAUVE
692,44330,,,,1.0,26.0,,2.0,1.0,9.0,,2.0,,VALLET
693,44340,,3.0,4.0,1.0,3.0,,2.0,12.0,4.0,34.0,39.0,,BOUGUENAIS
694,44346,,2.0,1.0,2.0,,8.0,5.0,7.0,,4.0,2.0,,
695,44350,5.0,,,2.0,,,4.0,2.0,1.0,3.0,,,GUERANDE
696,44360,,,,1.0,,,1.0,,,,,,VIGNEUX-DE-BRETAGNE
697,44370,,,,,,2.0,1.0,,,,,,LA CHAPELLE-SAINT-SAUVEUR
698,44380,,,,,,3.0,,11.0,,,9.0,2.0,PORNICHET
699,44390,,,,1.0,2.0,,,1.0,,,,,LES TOUCHES
700,44400,,2.0,,10.0,2.0,5.0,6.0,4.0,1.0,1.0,22.0,,REZE
701,44410,,1.0,,5.0,,,,,,1.0,,,LA CHAPELLE-DES-MARAIS
702,44420,1.0,,,2.0,,,2.0,,1.0,,,,LA TURBALLE
703,44430,10.0,6.0,,,3.0,,,,2.0,2.0,,,LA REMAUDIERE
704,44450,,,,,,,2.0,3.0,2.0,,4.0,,BARBECHAT
705,44470,,2.0,,8.0,1.0,,,1.0,5.0,3.0,,,CARQUEFOU
706,44480,,,,5.0,,,11.0,,,,,,DONGES
707,44500,1.0,,,1.0,3.0,,,9.0,,1.0,1.0,,LA BAULE-ESCOUBLAC
708,44510,1.0,,,,,,,,,,,,LE POULIGUEN
709,44530,,1.0,3.0,,,,,,,,,,SEVERAC
710,44540,,,,,,,,2.0,,,,,SAINT-MARS-LA-JAILLE
711,44550,,,,,1.0,,,,,,,,MONTOIR-DE-BRETAGNE
712,44570,1.0,,,1.0,,,3.0,,,,3.0,,TRIGNAC
713,44580,,,,,,,,,,3.0,,,BOURGNEUF-EN-RETZ
714,44590,,2.0,,,,,,,,,,,SION-LES-MINES
715,44600,26.0,25.0,113.0,114.0,82.0,49.0,123.0,48.0,134.0,112.0,197.0,47.0,SAINT-NAZAIRE
716,44610,,,,,,,,,3.0,,,,INDRE
717,44620,,,,,,,,,,,1.0,,LA MONTAGNE
718,44640,1.0,,,2.0,1.0,,,,,3.0,41.0,,LE PELLERIN
719,44680,,,,,7.0,,,3.0,,,10.0,,SAINT-HILAIRE-DE-CHALEONS
720,44700,,14.0,3.0,8.0,,,1.0,1.0,4.0,1.0,165.0,,ORVAULT
721,44730,,,,,,,,,1.0,,1.0,,SAINT-MICHEL-CHEF-CHEF
722,44740,,,,,,,,,1.0,,,,BATZ-SUR-MER
723,44780,,,,,,,,3.0,,,,,MISSILLAC
724,44800,4.0,7.0,7.0,23.0,19.0,9.0,3.0,24.0,21.0,19.0,15.0,4.0,SAINT-HERBLAIN
725,44830,,,2.0,,15.0,,,5.0,,,13.0,,BRAINS
726,44840,,,,,,,,13.0,2.0,,3.0,,LES SORINIERES
727,44850,,,,,,,2.0,,1.0,,,,MOUZEIL
728,44860,,,,,2.0,,3.0,3.0,3.0,1.0,20.0,,SAINT-AIGNAN-GRANDLIEU
729,44880,,1.0,,1.0,,,6.0,,,4.0,,,SAUTRON
730,44980,,12.0,10.0,7.0,3.0,,10.0,2.0,5.0,1.0,5.0,,SAINTE-LUCE-SUR-LOIRE
731,45000,,,5.0,1.0,,7.0,,10.0,6.0,21.0,3.0,,
732,45041,,,,,,,3.0,,,,,,
733,45043,,,,,5.0,,,,,,,,
734,45100,,,,,,,13.0,,,,17.0,,
735,45110,,,,,,,,,,,1.0,,SIGLOY
736,45140,,,,1.0,,,9.0,,13.0,,,,SAINT-JEAN-DE-LA-RUELLE
737,45200,,,16.0,1.0,,3.0,,,3.0,,9.0,,AMILLY
738,45230,,,2.0,,,,,,,,,,LA CHAPELLE-SUR-AVEYRON
739,45300,,,,7.0,4.0,12.0,,,,,3.0,,MARSAINVILLIERS
740,45340,,,,2.0,,,,,,,,,SAINT-LOUP-DES-VIGNES
741,45370,,,,,,,,1.0,,,,,MAREAU-AUX-PRES
742,45390,,,,2.0,,,,,,,,,DIMANCHEVILLE
743,45410,,,,,,,1.0,,,,26.0,,BUCY-LE-ROI
744,45490,,,,1.0,,,,,,,,,SCEAUX-DU-GATINAIS
745,45500,,,20.0,1.0,,,1.0,4.0,8.0,,19.0,,SAINT-GONDON
746,45520,,,,,,,,,,,4.0,,CHEVILLY
747,45600,,1.0,,,,,,,,,,,GUILLY
748,46000,,,,1.0,,,,,,1.0,4.0,,CAHORS
749,46100,,,,1.0,,,,3.0,,1.0,10.0,,FOURMAGNAC
750,46160,,,,,,,,,,,4.0,,GREALOU
751,47000,,9.0,3.0,11.0,,1.0,6.0,16.0,1.0,5.0,9.0,,AGEN
752,47160,,,,1.0,,,,,,,,,SAINT-PIERRE-DE-BUZET
753,47200,,1.0,,,2.0,,7.0,1.0,,,30.0,,MONTPOUILLAN
754,47300,,3.0,,3.0,,,4.0,,,,,,LEDAT
755,47360,,,,,,,,1.0,,,,,COURS
756,47600,,1.0,,,,,,4.0,2.0,2.0,,,FRANCESCAS
757,48000,,,,,,,,,3.0,,,,BRENOUX
758,48100,,,,,,,,9.0,5.0,,,,CHIRAC
759,48200,,1.0,,,,,,,,,,,LA FAGE-SAINT-JULIEN
760,48300,,,,,,,,,3.0,,,,CHEYLARD-L'EVEQUE
761,48400,,,,,,,,1.0,,,,,ROUSSES
762,49000,,,,,,7.0,,5.0,4.0,,2.0,,ECOUFLANT
763,49045,,,,1.0,,,,,,,,,
764,49100,,3.0,11.0,28.0,6.0,30.0,25.0,41.0,49.0,6.0,40.0,3.0,
765,49220,,,,3.0,,,,,,,,,THORIGNE-D'ANJOU
766,49260,,,1.0,,1.0,,,,,,,,BREZE
767,49300,,4.0,,,13.0,,7.0,10.0,1.0,12.0,4.0,,CHOLET
768,49390,,1.0,,,,,,,,,,,VERNANTES
769,49400,,2.0,,5.0,6.0,,1.0,2.0,2.0,14.0,,,SAUMUR
770,49450,,,,1.0,,,,,,,,,ROUSSAY
771,49490,,,,,,3.0,,1.0,,,,,MEON
772,49600,,,,4.0,,,,,,,,,LA CHAUSSAIRE
773,50000,,18.0,,14.0,13.0,,,,6.0,1.0,,,LE MESNIL-ROUXELIN
774,50100,,,2.0,3.0,1.0,,,,4.0,,12.0,,
775,50170,,,,,,,1.0,,,,,,BEAUVOIR
776,50200,,,1.0,,,,,,,,,,NICORPS
777,50300,,,4.0,,,5.0,13.0,,5.0,,,,VAINS
778,50340,,,8.0,,8.0,,,,,,,,SOTTEVILLE
779,50500,,,,,,,,,,1.0,,,SAINT-GEORGES-DE-BOHON
780,50530,,,,8.0,,,5.0,,,,,,LA ROCHELLE-NORMANDE
781,50750,,,,,1.0,,,,,,,,SOULLES
782,50860,,,,,,,,,,1.0,,,MOYON
783,50890,,,,,3.0,,,,,,,,CONDE-SUR-VIRE
784,51000,,11.0,,3.0,,16.0,5.0,,,2.0,8.0,,CHALONS-EN-CHAMPAGNE
785,51100,3.0,3.0,14.0,13.0,23.0,46.0,22.0,27.0,23.0,38.0,37.0,3.0,REIMS
786,51200,,,,2.0,,,1.0,,,,,,EPERNAY
787,51420,,,,,,,,9.0,,,,,BERRU
788,51430,,,,,,,,,,,5.0,,TINQUEUX
789,51530,,,1.0,,,,,,,,,,CHOUILLY
790,51700,,,,,4.0,4.0,,,,,,,IGNY-COMBLIZY
791,51800,,,,,,2.0,,,,,,,BERZIEUX
792,52000,,2.0,,3.0,,,6.0,16.0,3.0,8.0,7.0,,TREIX
793,52100,,,,,5.0,8.0,,,,,,,MOESLAINS
794,52160,,,,,,1.0,1.0,,,,,,ROUVRES-SUR-AUBE
795,52200,,,7.0,,,,,,,,,,SAINTS-GEOSMES
796,52700,,,,,,1.0,,,,,,,MONTOT-SUR-ROGNON
797,53000,,4.0,12.0,,,,4.0,11.0,3.0,2.0,3.0,,LAVAL
798,53100,,,,2.0,4.0,,12.0,6.0,3.0,,,,SAINT-GEORGES-BUTTAVENT
799,53200,,,,1.0,,,,,,,,,MENIL
800,53640,,,,,,,,3.0,,,,,LE HORPS
801,53700,,,,,,2.0,1.0,,,,,,VILLAINES-LA-JUHEL
802,54000,7.0,20.0,31.0,33.0,15.0,26.0,29.0,13.0,6.0,30.0,50.0,,NANCY
803,54150,,,,,,8.0,,,,,,,OZERAILLES
804,54200,,,,,,,,,,1.0,,,BICQUELEY
805,54240,,,,,,,2.0,,,,,,JOEUF
806,54260,,,,,3.0,,,,,,,,VILLETTE
807,54280,,,,,9.0,,,,,,,,SEICHAMPS
808,54300,,,,6.0,,,,2.0,,,,,JOLIVET
809,54370,,,,6.0,,,,,,,,,MAIXE
810,54400,,6.0,,3.0,,,,,2.0,,,,COSNES-ET-ROMAIN
811,54520,,,,,,,,4.0,,,,,LAXOU
812,54600,,,,,,,,,,,3.0,,VILLERS-LES-NANCY
813,54660,,,,,,1.0,,,,,,,MOUTIERS
814,55000,,,,,2.0,,8.0,,,2.0,,,RUMONT
815,55100,,,,,1.0,5.0,5.0,,3.0,1.0,,,MARRE
816,55190,,,,,,,1.0,,,,,,TROUSSEY
817,55400,,,,,2.0,,,,,,,,BUZY-DARMONT
818,55430,,,,2.0,,,,,,3.0,,,BELLEVILLE-SUR-MEUSE
819,55500,,,,,,4.0,,,,,,,SAINT-AMAND-SUR-ORNAIN
820,56000,,14.0,2.0,27.0,2.0,8.0,16.0,6.0,22.0,6.0,32.0,13.0,VANNES
821,56100,5.0,1.0,3.0,10.0,1.0,2.0,,,33.0,,8.0,2.0,LORIENT
822,56130,,,3.0,,,,,,,,,,LA ROCHE-BERNARD
823,56140,,,,,,,,3.0,,,,,RUFFIAC
824,56300,,4.0,,2.0,,,,20.0,3.0,,7.0,,PONTIVY
825,56340,,,,,5.0,,,1.0,,,,,PLOUHARNEL
826,56350,,,,8.0,2.0,,,,,,,,SAINT-JEAN-LA-POTERIE
827,56400,,,3.0,5.0,13.0,,,,,,2.0,1.0,AURAY
828,56430,,2.0,,2.0,,,,2.0,,,,,NEANT-SUR-YVEL
829,56440,,3.0,2.0,,,,,,,,,,LANGUIDIC
830,56500,,,,,,,,,,,1.0,,SAINT-ALLOUESTRE
831,56590,,,,,,,,,3.0,,,,GROIX
832,56600,,,,,,,,,,,1.0,,LANESTER
833,56700,,,,,,4.0,,,,,1.0,,HENNEBONT
834,56800,,,,3.0,,,,3.0,,,2.0,1.0,AUGAN
835,56870,,,,,,,1.0,,,,,,LARMOR-BADEN
836,56910,,,,,1.0,,,,,,,,CARENTOIR
837,57000,,42.0,1.0,16.0,25.0,29.0,25.0,15.0,31.0,16.0,30.0,1.0,
838,57100,,,,,,,,,3.0,,17.0,,MANOM
839,57120,,,,,,,,,,,2.0,,ROMBAS
840,57140,,,,,1.0,,,,,,,,LA MAXE
841,57160,,,,,,,,2.0,,,,,LESSY
842,57200,,,,,,,13.0,,,,,,SARREGUEMINES
843,57280,,,,,,,4.0,,,,2.0,,MAIZIERES-LES-METZ
844,57300,,,,1.0,,,,,,,,,TREMERY
845,57320,,,,2.0,,,1.0,,,,,,COLMEN
846,57330,,,,,,,,1.0,,,,,ESCHERANGE
847,57370,,,,13.0,2.0,,,,,,,,SAINT-JEAN-KOURTZERODE
848,57380,,,,5.0,,,,,,,,,GUESSLING-HEMERING
849,57400,,,,,1.0,6.0,,,6.0,,2.0,,SCHNECKENBUSCH
850,57412,,,2.0,,,,,,,,,,ACHEN
851,57470,,,,,,,,16.0,,,,,GUENVILLER
852,57600,,,,4.0,,,2.0,,,,,,FORBACH
853,57650,,3.0,,,,,,,,,,,LOMMERANGE
854,57800,,,1.0,3.0,,,8.0,,,,,,ROSBRUCK
855,57970,,,,,,,5.0,,,,,,YUTZ
856,58000,,,,2.0,1.0,2.0,,1.0,,5.0,3.0,2.0,SAINT-ELOI
857,58200,,,,6.0,,,,,,,,,ALLIGNY-COSNE
858,58300,,,,1.0,,,,,,,,,SAINT-LEGER-DES-VIGNES
859,58640,,,,,,,,,,,7.0,,VARENNES-VAUZELLES
860,59000,,2.0,,37.0,12.0,,4.0,,,8.0,5.0,1.0,LILLE
861,59100,,18.0,,17.0,1.0,16.0,22.0,9.0,5.0,,21.0,8.0,ROUBAIX
862,59110,,,,,,,,1.0,,,,,LA MADELEINE
863,59113,,,,,,1.0,,2.0,,1.0,,,SECLIN
864,59114,,,,,,,,,,,9.0,,EECKE
865,59115,,,,,,,,,1.0,,,,LEERS
866,59120,,,,,,,,,,5.0,,,LOOS
867,59122,,,,,,,2.0,,,,,,LES MOERES
868,59123,,,,,,,,4.0,,,,,ZUYDCOOTE
869,59128,,,,,,,3.0,,,,,,FLERS-EN-ESCREBIEUX
870,59129,,,,,,,3.0,,,,,,AVESNES-LES-AUBERT
871,59130,,,,,,,,1.0,,,,,LAMBERSART
872,59136,,,,,,,,2.0,,,,,WAVRIN
873,59139,,,,,,3.0,,,,,,,NOYELLES-LES-SECLIN
874,59140,,49.0,9.0,7.0,2.0,,2.0,22.0,8.0,22.0,36.0,6.0,
875,59147,,,,,,,,2.0,,,,,CHEMY
876,59150,,5.0,,,4.0,,,,2.0,,,2.0,WATTRELOS
877,59160,4.0,45.0,94.0,113.0,61.0,72.0,130.0,138.0,175.0,186.0,268.0,301.0,CAPINGHEM
878,59190,,,,,,,,7.0,31.0,,4.0,,PRADELLES
879,59192,,,,,,,,,,1.0,,,BEUVRAGES
880,59200,,,9.0,7.0,,8.0,8.0,1.0,9.0,,4.0,9.0,TOURCOING
881,59234,,,,1.0,,,,,,,,,MONCHECOURT
882,59239,,,,,,,,1.0,,,,,LA NEUVILLE
883,59270,,,,,3.0,,,6.0,,,,2.0,GODEWAERSVELDE
884,59280,,,,,,,,10.0,,,15.0,6.0,ARMENTIERES
885,59300,,2.0,1.0,31.0,6.0,2.0,,22.0,,,3.0,,AULNOY-LEZ-VALENCIENNES
886,59320,,,,,,,,1.0,,,,2.0,ESCOBECQUES
887,59330,,,,,,,,,,3.0,9.0,1.0,BEAUFORT
888,59380,,,,,,,,4.0,,,,2.0,WARHEM
889,59400,,,,14.0,,1.0,,4.0,,,5.0,,NIERGNIES
890,59470,,,,,,2.0,,,,,,,LEDRINGHEM
891,59490,,,11.0,,,,,,,,,,BRUILLE-LEZ-MARCHIENNES
892,59494,,,,17.0,,,,,,,,,PETITE-FORET
893,59500,,7.0,8.0,,21.0,,21.0,2.0,12.0,,17.0,6.0,DOUAI
894,59510,,,,,,,4.0,,,,,,FOREST-SUR-MARQUE
895,59530,,,,22.0,,,,,,,,,POTELLE
896,59540,,,,,1.0,,,,,,,2.0,BEAUMONT-EN-CAMBRESIS
897,59552,,,,,,,1.0,,,,,,COURCHELETTES
898,59600,,,,,1.0,2.0,,12.0,,9.0,58.0,12.0,BERSILLIES
899,59610,,,,,,,,,,2.0,,,FERON
900,59620,,,,,,,,,,,,5.0,MONCEAU-SAINT-WAAST
901,59650,,,,,,,,1.0,2.0,14.0,,,
902,59700,,,,,1.0,,,1.0,,,1.0,,MARCQ-EN-BAROEUL
903,59760,,,2.0,,,1.0,,6.0,,1.0,,,GRANDE-SYNTHE
904,59777,,,,,,5.0,,24.0,4.0,23.0,,,
905,59800,,,,,4.0,25.0,,1.0,,,1.0,,
906,59820,,,,,,,,6.0,,,,,GRAVELINES
907,59870,,,,,,,2.0,,,,,,BOUVIGNIES
908,59880,,,,,,,1.0,,,,,,SAINT-SAULVE
909,59910,,,,,,,,1.0,,,,,BONDUES
910,60000,,15.0,2.0,11.0,1.0,2.0,3.0,7.0,15.0,4.0,3.0,27.0,TILLE
911,60100,,1.0,1.0,5.0,3.0,37.0,,3.0,8.0,5.0,10.0,,CREIL
912,60110,,,,,7.0,,9.0,1.0,,2.0,,,LORMAISON
913,60128,,,,1.0,,,,,,,,,PLAILLY
914,60140,,18.0,,,,,,,,,,,LIANCOURT
915,60160,,,,,,,,1.0,,1.0,,,THIVERNY
916,60200,,9.0,9.0,17.0,9.0,27.0,3.0,1.0,11.0,1.0,15.0,,COMPIEGNE
917,60250,,,,,,,,,4.0,,,,FOULANGUES
918,60260,,,1.0,,,,,,,,,,LAMORLAYE
919,60300,,,,,,,2.0,5.0,,6.0,,,BARON
920,60400,,,,,,,14.0,,11.0,,,,PORQUERICOURT
921,60440,,,,,,,,,,1.0,,,BOISSY-FRESNOY
922,60500,,,,,,,,1.0,,,,,VINEUIL-SAINT-FIRMIN
923,60608,,4.0,,,,,,,,,,,
924,60690,,,,1.0,,,,,,,,,ROY-BOISSY
925,61000,,3.0,,,,,,,,,,,ALENCON
926,61100,,,,,,2.0,,,,,,,LA SELLE-LA-FORGE
927,61110,,1.0,,,,,,,,,,,COULONGES-LES-SABLONS
928,61130,,,,,,,,4.0,,,,,SERIGNY
929,61200,,,2.0,,,,,,,4.0,,,SEVIGNY
930,61220,,,,,,1.0,,,,,,,BRIOUZE
931,61230,,,1.0,,,,,,,,,,LE SAP-ANDRE
932,61240,,,,,,1.0,,,,,,,LES AUTHIEUX-DU-PUITS
933,61300,,,4.0,,,,,,,,3.0,,SAINT-SYMPHORIEN-DES-BRUYERES
934,62000,,,8.0,15.0,,32.0,9.0,1.0,5.0,6.0,5.0,,ARRAS
935,62100,2.0,6.0,6.0,13.0,4.0,2.0,9.0,2.0,,14.0,51.0,,CALAIS
936,62110,,,,,,,,,,,7.0,,HENIN-BEAUMONT
937,62120,,,,1.0,,,,,,,,,LINGHEM
938,62130,,,,1.0,,,,,,,,,GAUCHIN-VERLOINGT
939,62153,,,1.0,6.0,,,,1.0,,,,,SOUCHEZ
940,62155,,,,,,4.0,,,,,,,MERLIMONT
941,62160,,,19.0,,,,14.0,,17.0,,,,GRENAY
942,62164,,,,,3.0,,,,,,,,AUDRESSELLES
943,62190,,,,6.0,,,,,,,,,AMES
944,62200,,6.0,,23.0,1.0,,2.0,,,,,,BOULOGNE-SUR-MER
945,62220,,,1.0,,,,,,,,,,CARVIN
946,62280,,,,7.0,,,,,,,,,SAINT-MARTIN-BOULOGNE
947,62300,,,4.0,1.0,3.0,,19.0,7.0,12.0,5.0,3.0,8.0,ELEU-DIT-LEAUWETTE
948,62330,,,,,,,3.0,,,,,,GUARBECQUE
949,62350,,,,,,,,,,,,3.0,SAINT-FLORIS
950,62400,,,,,,3.0,,,,,1.0,,ESSARS
951,62410,,,,,,,3.0,,,,,,WINGLES
952,62500,,1.0,,1.0,,5.0,,,4.0,2.0,,,SAINT-MARTIN-AU-LAERT
953,62600,,,7.0,4.0,,9.0,26.0,2.0,,8.0,7.0,,GROFFLIERS
954,62800,,,,,,,1.0,2.0,,,,,LIEVIN
955,62880,,,,,,,2.0,,,,,,PONT-A-VENDIN
956,62950,,,,,,,,,,,4.0,,NOYELLES-GODAULT
957,62990,,,,,5.0,,,,,,,,BEAURAINVILLE
958,63000,,3.0,23.0,19.0,41.0,19.0,39.0,185.0,343.0,283.0,260.0,9.0,CLERMONT-FERRAND
959,63100,,,,,,,,1.0,1.0,,2.0,,
960,63110,,,2.0,,,,,,3.0,6.0,1.0,2.0,BEAUMONT
961,63112,,,,,,,,,,,1.0,,BLANZAT
962,63122,,1.0,,,,,,,,,,,SAINT-GENES-CHAMPANELLE
963,63130,,,,,,,,,,,,2.0,ROYAT
964,63160,,,,,,,,4.0,3.0,3.0,6.0,,MAUZUN
965,63170,,,,,,,,,,12.0,,,PERIGNAT-LES-SARLIEVE
966,63190,,,,,,,1.0,,14.0,2.0,,,BORT-L'ETANG
967,63200,,,,,,,6.0,,,33.0,18.0,,MARSAT
968,63210,,,,,,,,,,3.0,,,HEUME-L'EGLISE
969,63270,,,,,,,,,3.0,,,,SAINT-MAURICE
970,63290,,,,,,,,,,,2.0,,PUY-GUILLAUME
971,63300,,,,6.0,,,,3.0,,3.0,9.0,3.0,DORAT
972,63330,,,,,,,,,13.0,,,,LA CELLETTE
973,63360,,,,,,,,,,,6.0,,SAINT-BEAUZIRE
974,63370,,,,,,,,,,,1.0,,LEMPDES
975,63420,,,,,,,2.0,,,,,,ARDES
976,63450,,,,,,,,,,,2.0,,OLLOIX
977,63500,,,,,,,,,,,8.0,,BRENAT
978,63510,,,,,,1.0,,,,,2.0,,AULNAT
979,63570,,,,,,,,,,,1.0,,AUZAT-LA-COMBELLE
980,63600,,,3.0,,,,,,,,10.0,1.0,SAINT-FERREOL-DES-COTES
981,63760,,,,,,,,,,,,1.0,LASTIC
982,63800,,,,,,,,1.0,,,,,LA ROCHE-NOIRE
983,63870,,,1.0,,,2.0,1.0,8.0,3.0,7.0,9.0,,ORCINES
984,64000,,6.0,7.0,8.0,26.0,,6.0,16.0,,,4.0,,PAU
985,64100,,10.0,3.0,36.0,,24.0,22.0,15.0,30.0,11.0,5.0,,BAYONNE
986,64140,,,,,,,,11.0,,,,,LONS
987,64200,,1.0,11.0,5.0,,5.0,2.0,,,5.0,3.0,,BASSUSSARRY
988,64210,,,2.0,,,,,,,,,,ARBONNE
989,64250,,,,,,,3.0,,,,,,CAMBO-LES-BAINS
990,64400,,,,2.0,,1.0,,,,,6.0,,ESTOS
991,64500,,,,,,1.0,,,,,,,SAINT-JEAN-DE-LUZ
992,64570,,,,2.0,,,,,,,,,ANCE
993,64700,,,,,3.0,,14.0,,2.0,3.0,3.0,,HENDAYE
994,64800,,,,,,,,1.0,,,,,LESTELLE-BETHARRAM
995,65000,,,,3.0,,,,29.0,,,,,TARBES
996,65100,,,,,,,1.0,,,,,,JARRET
997,65130,,,,,,,,1.0,,,,,TILHOUSE
998,65150,,,,,,,,2.0,,,,,NISTOS
999,65200,,,,,,,,,1.0,,,,GERDE
1000,65300,,,4.0,,,,,,,,,,CAMPISTROUS
1001,65700,,2.0,,,,,,,,,,,LAFITOLE
1002,66000,,,23.0,25.0,7.0,34.0,2.0,1.0,4.0,20.0,47.0,,
1003,66100,,,,4.0,,,,,,,1.0,,
1004,66200,,,,,,10.0,,,54.0,,,,THEZA
1005,66670,,,,4.0,,,,,,,,,BAGES
1006,66690,,,8.0,,,,,,,,,,SOREDE
1007,67000,35.0,117.0,128.0,129.0,108.0,100.0,254.0,356.0,232.0,156.0,143.0,8.0,STRASBOURG
1008,67076,,,,1.0,,,,,,,,,
1009,67081,,,,,,51.0,,4.0,,,,,
1010,67098,,,,,2.0,,,,,,,,
1011,67100,139.0,1341.0,1889.0,2704.0,2040.0,1557.0,2311.0,2414.0,2351.0,1712.0,2046.0,144.0,
1012,67110,,,3.0,,,,2.0,1.0,,,2.0,,NIEDERBRONN-LES-BAINS
1013,67116,,3.0,,,,1.0,,,,,,,REICHSTETT
1014,67118,,,,,2.0,3.0,,,,6.0,,,GEISPOLSHEIM
1015,67120,,,5.0,,7.0,5.0,,1.0,3.0,,17.0,,ERNOLSHEIM-BRUCHE
1016,67130,,,,,4.0,,,,5.0,,4.0,,WISCHES
1017,67140,,,,,,12.0,,,5.0,4.0,,,ZELLWILLER
1018,67150,,2.0,,,,2.0,1.0,,1.0,2.0,,,SCHAEFFERSHEIM
1019,67160,,,,,,,,,2.0,,,,SALMBACH
1020,67170,,,2.0,,,,4.0,,,,,,DONNENHEIM
1021,67190,,,,,,2.0,,,,,2.0,,MOLLKIRCH
1022,67200,6.0,26.0,179.0,54.0,33.0,51.0,26.0,31.0,12.0,8.0,14.0,,
1023,67201,,,10.0,,3.0,,,1.0,,,,,ECKBOLSHEIM
1024,67210,,,,4.0,,,2.0,,3.0,,,,GOXWILLER
1025,67230,,,,3.0,,,,14.0,1.0,7.0,1.0,,DIEBOLSHEIM
1026,67240,,,,3.0,,,,,,,3.0,,SCHIRRHEIN
1027,67250,,,,2.0,,,,,,,,,HUNSPACH
1028,67300,4.0,47.0,24.0,96.0,27.0,24.0,43.0,45.0,109.0,35.0,225.0,,SCHILTIGHEIM
1029,67310,,,,,,,,,2.0,,,,RANGEN
1030,67330,,,,,,6.0,4.0,,,,4.0,,OBERSOULTZBACH
1031,67340,,3.0,,,,,,,,,,,INGWILLER
1032,67350,,1.0,,,,,1.0,,,,,,KINDWILLER
1033,67380,4.0,6.0,,4.0,28.0,2.0,2.0,,2.0,4.0,4.0,,LINGOLSHEIM
1034,67400,1.0,10.0,,24.0,16.0,1.0,7.0,23.0,16.0,20.0,6.0,,ILLKIRCH-GRAFFENSTADEN
1035,67430,,,,,2.0,,,,,,,,DEHLINGEN
1036,67450,,,,1.0,1.0,,,9.0,2.0,1.0,,,LAMPERTHEIM
1037,67460,,,,,,9.0,,1.0,,1.0,2.0,,SOUFFELWEYERSHEIM
1038,67490,,,,,3.0,,,,,,,,FRIEDOLSHEIM
1039,67500,,7.0,30.0,1.0,,4.0,5.0,15.0,6.0,11.0,11.0,,WEITBRUCH
1040,67520,,,,,,,,,1.0,,,,MARLENHEIM
1041,67540,4.0,1.0,3.0,3.0,26.0,,4.0,,2.0,1.0,6.0,,OSTWALD
1042,67550,,1.0,,,,,1.0,4.0,,,,,VENDENHEIM
1043,67570,,,,,,,,,,,7.0,,ROTHAU
1044,67580,,,,,,6.0,,,,,,,LAUBACH
1045,67600,,2.0,5.0,3.0,7.0,2.0,,33.0,5.0,,20.0,,BINDERNHEIM
1046,67700,,,,,1.0,,10.0,6.0,20.0,1.0,9.0,,ECKARTSWILLER
1047,67800,,,2.0,5.0,2.0,2.0,2.0,3.0,8.0,,22.0,,HOENHEIM
1048,67810,,,,,,,,,,1.0,,,HOLTZHEIM
1049,67860,,,,1.0,,,,,,,,,RHINAU
1050,67930,,,,,,,,,,2.0,,,KESSELDORF
1051,68000,,8.0,2.0,2.0,1.0,4.0,2.0,11.0,25.0,,21.0,,COLMAR
1052,68100,,4.0,11.0,9.0,33.0,14.0,17.0,43.0,4.0,13.0,25.0,7.0,
1053,68128,,1.0,,,,,,,,,,,ROSENAU
1054,68130,,,,,4.0,,,,,,,,EMLINGEN
1055,68200,,,,4.0,,,1.0,,,,,,
1056,68270,,,,2.0,,,,,,,,,RUELISHEIM
1057,68300,,,1.0,,,,,,,,1.0,,SAINT-LOUIS
1058,68320,,,,,,,,1.0,,,,,DURRENENTZEN
1059,68500,,1.0,,,,,,,,,1.0,,HARTMANNSWILLER
1060,68630,,,,,,3.0,,,,,,,MITTELWIHR
1061,68700,,,,3.0,,,,,,,,,MICHELBACH
1062,68850,,,,,,1.0,,,,,,,STAFFELFELDEN
1063,69000,,,3.0,,,3.0,,,,6.0,,,
1064,69001,,,4.0,,,,,,2.0,,,,LYON--1ER-ARRONDISSEMENT
1065,69002,,,34.0,,8.0,21.0,13.0,16.0,3.0,3.0,2.0,,LYON--2E--ARRONDISSEMENT
1066,69003,,4.0,41.0,25.0,10.0,12.0,15.0,52.0,24.0,26.0,15.0,,LYON--3E--ARRONDISSEMENT
1067,69004,,8.0,5.0,,3.0,5.0,,,,,,,LYON--4E--ARRONDISSEMENT
1068,69005,,100.0,232.0,158.0,123.0,132.0,276.0,244.0,225.0,194.0,246.0,30.0,LYON--5E--ARRONDISSEMENT
1069,69006,,7.0,,,,,2.0,,,,,,LYON--6E--ARRONDISSEMENT
1070,69007,,10.0,14.0,6.0,8.0,,1.0,2.0,,,13.0,,LYON--7E--ARRONDISSEMENT
1071,69008,,1.0,2.0,,,2.0,3.0,4.0,,2.0,3.0,,LYON--8E--ARRONDISSEMENT
1072,69009,,,,6.0,,8.0,,1.0,,4.0,2.0,,LYON--9E--ARRONDISSEMENT
1073,69100,,3.0,9.0,10.0,8.0,7.0,22.0,2.0,5.0,36.0,1.0,,VILLEURBANNE
1074,69120,,,4.0,4.0,,12.0,,3.0,,,10.0,,VAULX-EN-VELIN
1075,69126,,,,,,,3.0,,,,,,BRINDAS
1076,69130,,,,,3.0,,,,,,,,ECULLY
1077,69140,,,2.0,,,,,,,,,,RILLIEUX-LA-PAPE
1078,69150,,19.0,,,,,,,,10.0,,,DECINES-CHARPIEU
1079,69170,,,3.0,,,,,,,,5.0,,SAINT-APPOLINAIRE
1080,69190,,,12.0,,,,,7.0,2.0,,,,SAINT-FONS
1081,69200,,3.0,2.0,2.0,,,,2.0,,2.0,7.0,,VENISSIEUX
1082,69290,,,3.0,,,,,,,,,,SAINT-GENIS-LES-OLLIERES
1083,69300,,,,,1.0,,,,,,,,CALUIRE-ET-CUIRE
1084,69330,,,,2.0,,,1.0,,1.0,,14.0,,JONS
1085,69340,,,,,,,5.0,,,,,,FRANCHEVILLE
1086,69380,,,,,,,,7.0,,,,,DOMMARTIN
1087,69400,,,3.0,,9.0,8.0,2.0,9.0,,,,,LIERGUES
1088,69500,,,,5.0,1.0,,,,,,,,BRON
1089,69530,,,,1.0,,,,,,,,,BRIGNAIS
1090,69600,,,,,1.0,,,9.0,,,,,OULLINS
1091,69670,,,,,,,,,1.0,,,,VAUGNERAY
1092,69700,,,,,,,15.0,4.0,,,,,ECHALAS
1093,69780,,,,2.0,1.0,,,,,,,,SAINT-PIERRE-DE-CHANDIEU
1094,69800,,,,6.0,,19.0,1.0,2.0,,,1.0,,SAINT-PRIEST
1095,69860,,,,,,1.0,,,,,,,SAINT-JACQUES-DES-ARRETS
1096,70000,,4.0,,,,,,,,1.0,,,ECHENOZ-LE-SEC
1097,70052,,,,,,,,7.0,,,,,
1098,70180,,,,1.0,,,,,,,,,BROTTE-LES-RAY
1099,71000,,,22.0,2.0,1.0,1.0,,21.0,10.0,11.0,19.0,24.0,SANCE
1100,71100,,,2.0,1.0,2.0,,2.0,16.0,,3.0,4.0,,SEVREY
1101,71200,,,,,,,,2.0,,,,,SAINT-SERNIN-DU-BOIS
1102,71250,,,,,,1.0,,,,,,,BERGESSERIN
1103,71300,,,,,,,,1.0,,,,,SAINT-BERAIN-SOUS-SANVIGNES
1104,71400,2.0,,,,,,,2.0,,,,,TAVERNAY
1105,71470,,,,,,1.0,,,,,,,SAINTE-CROIX
1106,71500,,,,,1.0,1.0,,,,,1.0,,LA CHAPELLE-NAUDE
1107,71600,,,,,1.0,,,,,,,,HAUTEFOND
1108,71800,,,,,,,,,,,,1.0,COLOMBIER-EN-BRIONNAIS
1109,71850,,,,,,,3.0,,,,,,CHARNAY-LES-MACON
1110,72000,,7.0,12.0,7.0,5.0,61.0,50.0,45.0,18.0,3.0,12.0,8.0,
1111,72100,,1.0,8.0,1.0,2.0,42.0,2.0,7.0,,,1.0,1.0,
1112,72190,,,,,,,,,2.0,,,,COULAINES
1113,72200,,,1.0,,,,,5.0,,,,,MAREIL-SUR-LOIR
1114,72300,,,1.0,,2.0,,,,5.0,,2.0,,PARCE-SUR-SARTHE
1115,72370,,,,,,,,,,,2.0,,LE BREIL-SUR-MERIZE
1116,72400,,,,,,3.0,,,,,3.0,,SAINT-AUBIN-DES-COUDRAIS
1117,72430,,,,,,,,3.0,,,,,FERCE-SUR-SARTHE
1118,72440,,,,,,1.0,,,,,,,MAISONCELLES
1119,72560,3.0,,,,,,,,,,,,CHANGE
1120,73000,,,10.0,5.0,,,17.0,8.0,10.0,2.0,10.0,3.0,CHAMBERY
1121,73200,,,,2.0,4.0,,,,,,,3.0,THENESOL
1122,73500,,,,,1.0,,,,,,,,MODANE
1123,74000,,19.0,12.0,8.0,2.0,8.0,31.0,11.0,18.0,19.0,21.0,3.0,ANNECY
1124,74100,,,7.0,21.0,,1.0,8.0,,,1.0,7.0,,VILLE-LA-GRAND
1125,74120,,,,,,,,,5.0,,,,PRAZ-SUR-ARLY
1126,74130,,4.0,,23.0,,,,,2.0,,,,BONNEVILLE
1127,74140,,,,,,,1.0,,,,,,SCIEZ
1128,74150,,11.0,8.0,,,,,8.0,,,,,SAINT-EUSEBE
1129,74160,,,,,,,2.0,,,,,,BEAUMONT
1130,74200,,,4.0,,,,,28.0,,1.0,1.0,,ANTHY-SUR-LEMAN
1131,74210,,2.0,,,,,,,,,,,MARLENS
1132,74300,,,,7.0,,,1.0,,,,,,CLUSES
1133,74330,,,,,1.0,,1.0,,2.0,,,,EPAGNY
1134,74350,,2.0,,,,,,,2.0,,3.0,,VILLY-LE-PELLOUX
1135,74370,,,,,,,1.0,,,,,,LES OLLIERES
1136,74400,,1.0,,,,,,,,2.0,2.0,,CHAMONIX-MONT-BLANC
1137,74580,,,,,3.0,,,,,,,,VIRY
1138,74700,,,,,,,,,2.0,,,,CORDON
1139,74800,,,,,,,,2.0,,,,,SAINT-LAURENT
1140,74930,,,,,,,1.0,,,,,,SCIENTRIER
1141,74940,,,,,,,,,,,,5.0,ANNECY-LE-VIEUX
1142,74960,,,,,,,,,1.0,,,,CRAN-GEVRIER
1143,75000,2.0,54.0,61.0,43.0,73.0,55.0,26.0,52.0,51.0,123.0,49.0,1.0,PARIS
1144,75001,12.0,230.0,152.0,193.0,213.0,154.0,154.0,154.0,181.0,253.0,156.0,3.0,PARIS-1ER-ARRONDISSEMENT
1145,75002,7.0,110.0,121.0,135.0,154.0,89.0,94.0,178.0,72.0,141.0,234.0,5.0,PARIS-2E-ARRONDISSEMENT
1146,75003,26.0,258.0,180.0,91.0,139.0,68.0,98.0,76.0,104.0,59.0,116.0,,PARIS-3E-ARRONDISSEMENT
1147,75004,12.0,211.0,92.0,105.0,157.0,96.0,99.0,98.0,270.0,167.0,145.0,,PARIS-4E-ARRONDISSEMENT
1148,75005,2.0,100.0,114.0,137.0,129.0,138.0,104.0,104.0,115.0,112.0,58.0,,PARIS-5E-ARRONDISSEMENT
1149,75006,17.0,59.0,172.0,116.0,71.0,45.0,48.0,88.0,57.0,70.0,34.0,4.0,PARIS-6E-ARRONDISSEMENT
1150,75007,6.0,65.0,108.0,49.0,67.0,34.0,50.0,65.0,49.0,48.0,40.0,3.0,PARIS-7E-ARRONDISSEMENT
1151,75008,2.0,164.0,66.0,155.0,167.0,111.0,155.0,228.0,120.0,204.0,128.0,,PARIS-8E-ARRONDISSEMENT
1152,75009,26.0,221.0,121.0,224.0,170.0,188.0,115.0,242.0,243.0,120.0,145.0,3.0,PARIS-9E-ARRONDISSEMENT
1153,75010,720.0,7342.0,7195.0,7451.0,6782.0,6180.0,6564.0,7156.0,9861.0,18237.0,22948.0,484.0,PARIS-10E-ARRONDISSEMENT
1154,75011,59.0,514.0,422.0,427.0,475.0,336.0,298.0,406.0,358.0,381.0,284.0,6.0,PARIS-11E-ARRONDISSEMENT
1155,75012,97.0,671.0,475.0,437.0,730.0,622.0,923.0,477.0,804.0,697.0,460.0,16.0,PARIS-12E-ARRONDISSEMENT
1156,75013,67.0,897.0,726.0,646.0,727.0,560.0,701.0,649.0,646.0,562.0,884.0,13.0,PARIS-13E-ARRONDISSEMENT
1157,75014,39.0,483.0,343.0,1065.0,397.0,309.0,394.0,437.0,479.0,322.0,333.0,28.0,PARIS-14E-ARRONDISSEMENT
1158,75015,65.0,874.0,792.0,534.0,653.0,469.0,473.0,653.0,476.0,360.0,384.0,8.0,PARIS-15E-ARRONDISSEMENT
1159,75016,9.0,72.0,83.0,130.0,128.0,75.0,56.0,63.0,38.0,115.0,119.0,16.0,PARIS-16E-ARRONDISSEMENT
1160,75017,36.0,427.0,231.0,264.0,322.0,314.0,155.0,236.0,519.0,258.0,347.0,24.0,PARIS-17E-ARRONDISSEMENT
1161,75018,107.0,1370.0,1109.0,1037.0,845.0,801.0,775.0,897.0,836.0,679.0,780.0,49.0,PARIS-18E-ARRONDISSEMENT
1162,75019,60.0,727.0,614.0,651.0,560.0,515.0,765.0,397.0,544.0,746.0,554.0,21.0,PARIS-19E-ARRONDISSEMENT
1163,75020,69.0,594.0,476.0,384.0,568.0,350.0,307.0,355.0,500.0,375.0,449.0,18.0,PARIS-20E-ARRONDISSEMENT
1164,75116,1.0,1.0,60.0,11.0,22.0,12.0,,35.0,5.0,8.0,29.0,,
1165,75231,,9.0,,,,,,,,,,,
1166,75571,4.0,86.0,146.0,77.0,146.0,65.0,2.0,2.0,,,,,
1167,75706,,3.0,,2.0,11.0,1.0,12.0,21.0,19.0,,,,
1168,76000,,6.0,48.0,27.0,28.0,57.0,54.0,91.0,237.0,315.0,838.0,85.0,ROUEN
1169,76084,,,,,,,,,,,15.0,,
1170,76100,,,,,1.0,,,,23.0,3.0,1.0,10.0,
1171,76116,,,,,,,,,1.0,,,,SAINT-AIGNAN-SUR-RY
1172,76130,,,,,,,,,,1.0,11.0,,MONT-SAINT-AIGNAN
1173,76140,,,,,,,21.0,,,1.0,1.0,,LE PETIT-QUEVILLY
1174,76150,,,,,,,,,3.0,1.0,13.0,,MAROMME
1175,76160,,,,,,,,,,1.0,,,SAINT-JACQUES-SUR-DARNETAL
1176,76170,,,,,,,3.0,,1.0,1.0,,3.0,SAINT-ANTOINE-LA-FORET
1177,76190,,,,,,,,,,8.0,17.0,15.0,FREVILLE
1178,76200,,,,,11.0,,2.0,5.0,24.0,35.0,17.0,,DIEPPE
1179,76210,,,,,,,,4.0,,4.0,,4.0,MIRVILLE
1180,76220,,,,,,2.0,,,,11.0,,,ERNEMONT-LA-VILLETTE
1181,76230,,,,,,3.0,,,,,10.0,,ISNEAUVILLE
1182,76250,,,,,,,,,,,3.0,,DEVILLE-LES-ROUEN
1183,76260,,,,,,,,,,2.0,2.0,,SAINT-MARTIN-LE-GAILLARD
1184,76270,,,,,,3.0,,,,,1.0,,VATIERVILLE
1185,76280,,,,,4.0,,,,,,,,HERMEVILLE
1186,76300,,4.0,,,1.0,,,,2.0,3.0,,,SOTTEVILLE-LES-ROUEN
1187,76340,,,,,,,,,,1.0,1.0,,REALCAMP
1188,76350,,,,,,,,,,,3.0,4.0,OISSEL
1189,76360,,,,,,,,,,1.0,,,BOUVILLE
1190,76370,,,,,,,,,,,6.0,,GREGES
1191,76390,,,,,,,,,18.0,,,,NULLEMONT
1192,76400,,,1.0,1.0,,4.0,2.0,14.0,124.0,87.0,157.0,4.0,COLLEVILLE
1193,76410,,1.0,,,3.0,,1.0,,5.0,4.0,1.0,,CLEON
1194,76440,,,,,,2.0,,,,,,,LE FOSSE
1195,76490,,,,,,,,,,3.0,,,CAUDEBEC-EN-CAUX
1196,76500,,19.0,,,9.0,,,,,,12.0,,ELBEUF
1197,76510,,,,,,,,,2.0,,,,RICARVILLE-DU-VAL
1198,76530,,,,2.0,,,,,2.0,2.0,,,GRAND-COURONNE
1199,76570,,,,,,,,,,,1.0,,EMANVILLE
1200,76590,,,,,,,,,,,1.0,,SAINTE-FOY
1201,76600,,,,,2.0,,,9.0,6.0,,2.0,,
1202,76610,,,,,3.0,,,,,,,,
1203,76620,,,,,,,,1.0,,1.0,3.0,,
1204,76630,,,,,,,,,24.0,,1.0,,SAINT-QUENTIN-AU-BOSC
1205,76640,,,,,,,,,,,3.0,2.0,ROCQUEFORT
1206,76690,,,,4.0,,,,,,,,,LE BOCASSE
1207,76730,,,,,,,5.0,,,,,,VENESTANVILLE
1208,76740,,,,,,,,,,,,3.0,HEBERVILLE
1209,76770,,,,,,,,,7.0,,,,HOUPPEVILLE
1210,76800,,,,,,15.0,,,10.0,,,,SAINT-ETIENNE-DU-ROUVRAY
1211,76870,,,,,,,,,,,1.0,,BEAUSSAULT
1212,76890,,,,,,,,,,,1.0,,SAINT-OUEN-DU-BREUIL
1213,76920,,,,,3.0,,,,,,,,AMFREVILLE-LA-MI-VOIE
1214,76950,,,,,2.0,,,,,,,,LES GRANDES-VENTES
1215,77000,6.0,88.0,62.0,99.0,80.0,70.0,142.0,174.0,215.0,247.0,328.0,14.0,MEULIN
1216,77090,,,,,,,,,,,8.0,,COLLEGIEN
1217,77100,,18.0,39.0,61.0,31.0,25.0,16.0,96.0,193.0,163.0,137.0,1.0,MAREUIL-LES-MEAUX
1218,77120,,37.0,18.0,17.0,20.0,8.0,2.0,31.0,41.0,17.0,27.0,,MOUROUX
1219,77122,,,,,,,2.0,,,,,,MONTHYON
1220,77124,,,,,,,,,,,2.0,,CHAUCONIN-NEUFMONTIERS
1221,77127,,,,9.0,,,1.0,9.0,3.0,20.0,5.0,,LIEUSAINT
1222,77130,,2.0,3.0,15.0,120.0,55.0,11.0,14.0,56.0,15.0,5.0,,SAINT-GERMAIN-LAVAL
1223,77140,,1.0,2.0,10.0,,108.0,22.0,24.0,10.0,17.0,6.0,,NONVILLE
1224,77144,,,,,,,,2.0,,,,,MONTEVRAIN
1225,77150,,,,,,5.0,,1.0,,,,,LESIGNY
1226,77160,,1.0,3.0,13.0,,3.0,3.0,21.0,12.0,5.0,11.0,13.0,VULAINES-LES-PROVINS
1227,77170,,3.0,,5.0,,15.0,6.0,15.0,9.0,1.0,2.0,2.0,COUBERT
1228,77174,,,,,,,1.0,,,,,,VILLENEUVE-LE-COMTE
1229,77176,,,2.0,6.0,1.0,14.0,28.0,52.0,9.0,24.0,4.0,,NANDY
1230,77177,,,2.0,,,,,1.0,,2.0,4.0,,BROU-SUR-CHANTEREINE
1231,77184,,,,,,,,,,17.0,,,EMERAINVILLE
1232,77185,,,,2.0,8.0,61.0,3.0,17.0,1.0,,15.0,,LOGNES
1233,77186,,1.0,89.0,5.0,,4.0,16.0,15.0,34.0,50.0,10.0,,NOISIEL
1234,77190,,12.0,31.0,9.0,1.0,3.0,9.0,4.0,4.0,9.0,8.0,,VILLIERS-EN-BIERE
1235,77200,1.0,7.0,2.0,19.0,10.0,36.0,10.0,15.0,64.0,26.0,8.0,,TORCY
1236,77210,,3.0,9.0,,3.0,6.0,1.0,7.0,,28.0,12.0,,AVON
1237,77220,,,,11.0,1.0,11.0,1.0,13.0,5.0,29.0,1.0,3.0,GRETZ-ARMAINVILLIERS
1238,77230,,3.0,3.0,7.0,5.0,12.0,2.0,21.0,1.0,,11.0,,VINANTES
1239,77240,,,1.0,,,1.0,21.0,8.0,5.0,,2.0,,CESSON
1240,77247,,,,,,2.0,,,,,,,
1241,77250,,,,,2.0,6.0,,,1.0,2.0,,,VILLEMER
1242,77260,,,1.0,7.0,2.0,9.0,,6.0,,6.0,7.0,,CHAMIGNY
1243,77270,,11.0,9.0,23.0,20.0,4.0,13.0,17.0,15.0,41.0,44.0,44.0,VILLEPARISIS
1244,77280,2.0,1.0,,,,,,2.0,,4.0,,,OTHIS
1245,77290,,21.0,5.0,7.0,13.0,29.0,,16.0,24.0,74.0,14.0,8.0,MITRY-MORY
1246,77300,,8.0,17.0,12.0,13.0,17.0,,6.0,90.0,43.0,34.0,,FONTAINEBLEAU
1247,77310,,,1.0,1.0,,,6.0,10.0,2.0,11.0,2.0,,PRINGY
1248,77320,,,,,3.0,12.0,,2.0,1.0,,3.0,,CHOISY-EN-BRIE
1249,77330,,,,,,,1.0,,,2.0,,,OZOIR-LA-FERRIERE
1250,77340,,18.0,25.0,14.0,3.0,13.0,11.0,18.0,5.0,23.0,19.0,,PONTAULT-COMBAULT
1251,77350,,,1.0,8.0,,8.0,2.0,13.0,9.0,21.0,19.0,,BOISSETTES
1252,77360,,,1.0,,5.0,,,5.0,8.0,,,,VAIRES-SUR-MARNE
1253,77370,,,,,7.0,7.0,,2.0,8.0,46.0,7.0,,CLOS-FONTAINE
1254,77380,,,1.0,7.0,81.0,7.0,,27.0,6.0,2.0,9.0,,COMBS-LA-VILLE
1255,77390,,,2.0,,,,,,,,6.0,,ARGENTIERES
1256,77400,,10.0,1.0,27.0,3.0,,6.0,16.0,71.0,50.0,5.0,,THORIGNY-SUR-MARNE
1257,77410,,,,,4.0,18.0,6.0,2.0,21.0,,,,CHARNY
1258,77420,,3.0,5.0,1.0,,18.0,24.0,40.0,22.0,5.0,40.0,,CHAMPS-SUR-MARNE
1259,77430,,,3.0,2.0,,2.0,,,,,10.0,4.0,CHAMPAGNE-SUR-SEINE
1260,77450,,,,,1.0,27.0,,4.0,,2.0,,,ISLES-LES-VILLENOY
1261,77460,,,,,,1.0,,,2.0,,5.0,,SOUPPES-SUR-LOING
1262,77480,,,1.0,2.0,,,,,14.0,1.0,,,MONTIGNY-LE-GUESDIER
1263,77500,6.0,11.0,31.0,95.0,23.0,42.0,26.0,65.0,30.0,126.0,67.0,,CHELLES
1264,77515,,,,1.0,,,,,,,,,FAREMOUTIERS
1265,77520,,,2.0,9.0,2.0,,,2.0,,,4.0,,PAROY
1266,77540,,,,,,,,3.0,,,,,LA CHAPELLE-IGER
1267,77550,,9.0,1.0,2.0,5.0,14.0,12.0,26.0,57.0,25.0,8.0,,MOISSY-CRAMAYEL
1268,77580,,,,,,,,1.0,1.0,,,,MAISONCELLES-EN-BRIE
1269,77590,,,,,,,,4.0,5.0,,1.0,,FONTAINE-LE-PORT
1270,77600,,,8.0,5.0,3.0,5.0,16.0,2.0,32.0,12.0,6.0,1.0,GUERMANTES
1271,77610,,7.0,12.0,,2.0,,,,,,,,LA HOUSSAYE-EN-BRIE
1272,77630,,3.0,,,,,,,,,1.0,,SAINT-MARTIN-EN-BIERE
1273,77645,,,4.0,,,,,,,,,,
1274,77650,,,,,,,1.0,1.0,,,,,CHALMAISON
1275,77660,,,,4.0,,,,,,,,,SAINT-JEAN-LES-DEUX-JUMEAUX
1276,77670,,,,,,,,,,,5.0,,SAINT-MAMMES
1277,77680,,4.0,8.0,1.0,2.0,1.0,,21.0,,45.0,47.0,6.0,ROISSY-EN-BRIE
1278,77700,1.0,62.0,54.0,259.0,176.0,152.0,189.0,323.0,298.0,299.0,350.0,26.0,MAGNY-LE-HONGRE
1279,77701,,,,,,,2.0,,,,,,
1280,77710,,,,,,,,,,,1.0,,VAUX-SUR-LUNAIN
1281,77720,,,,,,,,10.0,,,2.0,,SAINT-OUEN-EN-BRIE
1282,77870,,,,2.0,10.0,,,,5.0,,,,VULAINES-SUR-SEINE
1283,77930,,4.0,,,,,,,,,,,PERTHES
1284,77940,,,,,,,,,1.0,,,,MONTMACHOUX
1285,77950,,,,,,,,1.0,,1.0,,,RUBELLES
1286,77970,,,,,,,,2.0,,,,,BANNOST-VILLEGAGNON
1287,77990,,,,,,,,,,,3.0,,LE MESNIL-AMELOT
1288,78000,15.0,269.0,360.0,346.0,415.0,144.0,298.0,301.0,298.0,350.0,405.0,36.0,VERSAILLES
1289,78100,14.0,129.0,64.0,147.0,74.0,50.0,156.0,146.0,174.0,96.0,133.0,,SAINT-GERMAIN-EN-LAYE
1290,78110,,8.0,27.0,53.0,22.0,1.0,9.0,4.0,27.0,14.0,14.0,,LE VESINET
1291,78111,,,,,,,,,6.0,1.0,2.0,,DAMMARTIN-EN-SERVE
1292,78112,,,,,2.0,,2.0,10.0,,2.0,,,FOURQUEUX
1293,78114,,10.0,5.0,9.0,5.0,4.0,1.0,6.0,1.0,,6.0,,MAGNY-LES-HAMEAUX
1294,78117,,1.0,,,,,,,,,,,CHATEAUFORT
1295,78120,7.0,43.0,118.0,37.0,171.0,120.0,138.0,43.0,93.0,81.0,40.0,9.0,RAMBOUILLET
1296,78124,,,,,,,,2.0,,6.0,17.0,,MAREIL-SUR-MAULDRE
1297,78130,8.0,144.0,192.0,165.0,161.0,45.0,106.0,169.0,125.0,95.0,99.0,,CHAPET
1298,78140,,24.0,1.0,7.0,5.0,12.0,7.0,1.0,18.0,6.0,10.0,,VELIZY-VILLACOUBLAY
1299,78150,5.0,4.0,8.0,6.0,,2.0,12.0,2.0,,5.0,6.0,,LE CHESNAY
1300,78160,,17.0,2.0,8.0,2.0,3.0,3.0,11.0,22.0,2.0,18.0,,MARLY-LE-ROI
1301,78170,,3.0,28.0,34.0,13.0,8.0,14.0,62.0,38.0,11.0,54.0,,LA CELLE-SAINT-CLOUD
1302,78180,1.0,40.0,28.0,66.0,47.0,21.0,36.0,24.0,45.0,40.0,44.0,18.0,MONTIGNY-LE-BRETONNEUX
1303,78190,13.0,190.0,133.0,163.0,138.0,109.0,140.0,140.0,120.0,171.0,156.0,19.0,TRAPPES
1304,78200,51.0,1052.0,654.0,680.0,707.0,670.0,737.0,680.0,637.0,1318.0,1048.0,73.0,FLACOURT
1305,78210,,2.0,4.0,2.0,,,,2.0,,,6.0,,SAINT-CYR-L'ECOLE
1306,78220,,9.0,3.0,9.0,11.0,4.0,14.0,8.0,5.0,1.0,8.0,,VIROFLAY
1307,78230,,8.0,1.0,8.0,2.0,,7.0,9.0,2.0,4.0,4.0,,LE PECQ
1308,78240,,2.0,2.0,,1.0,,,2.0,2.0,1.0,6.0,,CHAMBOURCY
1309,78250,,36.0,12.0,29.0,32.0,13.0,25.0,18.0,17.0,16.0,2.0,,MEULAN-EN-YVELINES
1310,78260,,9.0,,10.0,3.0,9.0,3.0,4.0,,2.0,,,ACHERES
1311,78270,,70.0,23.0,17.0,5.0,8.0,25.0,14.0,35.0,54.0,34.0,1.0,BONNIERES-SUR-SEINE
1312,78280,8.0,31.0,49.0,41.0,39.0,32.0,23.0,70.0,65.0,26.0,45.0,,GUYANCOURT
1313,78290,,8.0,3.0,4.0,,,25.0,6.0,2.0,,,,CROISSY-SUR-SEINE
1314,78300,16.0,190.0,250.0,149.0,152.0,147.0,226.0,225.0,253.0,162.0,192.0,6.0,POISSY
1315,78310,,17.0,21.0,33.0,42.0,11.0,66.0,35.0,49.0,50.0,73.0,6.0,COIGNIERES
1316,78320,16.0,46.0,8.0,30.0,11.0,2.0,1.0,6.0,,6.0,9.0,,LEVIS-SAINT-NOM
1317,78330,7.0,4.0,8.0,4.0,16.0,15.0,15.0,10.0,11.0,10.0,12.0,2.0,FONTENAY-LE-FLEURY
1318,78340,1.0,4.0,5.0,3.0,12.0,2.0,48.0,11.0,12.0,12.0,11.0,,LES CLAYES-SOUS-BOIS
1319,78350,,11.0,4.0,3.0,,22.0,,,1.0,3.0,19.0,,JOUY-EN-JOSAS
1320,78360,,,20.0,50.0,9.0,2.0,9.0,4.0,21.0,14.0,23.0,,MONTESSON
1321,78370,,24.0,98.0,26.0,160.0,13.0,42.0,60.0,70.0,16.0,57.0,1.0,PLAISIR
1322,78380,,14.0,6.0,,12.0,,3.0,5.0,1.0,,6.0,,BOUGIVAL
1323,78390,,,1.0,2.0,2.0,3.0,2.0,,7.0,,,3.0,BOIS-D'ARCY
1324,78400,1.0,26.0,10.0,60.0,20.0,17.0,37.0,47.0,43.0,20.0,40.0,,CHATOU
1325,78410,,10.0,21.0,17.0,4.0,6.0,10.0,6.0,29.0,21.0,20.0,,LA FALAISE
1326,78430,,13.0,16.0,20.0,2.0,8.0,26.0,23.0,20.0,8.0,2.0,,LOUVECIENNES
1327,78440,,7.0,39.0,,27.0,73.0,4.0,,,4.0,4.0,,DROCOURT
1328,78450,,1.0,4.0,3.0,1.0,,,,3.0,1.0,5.0,,VILLEPREUX
1329,78460,11.0,,5.0,6.0,15.0,,,34.0,8.0,1.0,,,CHEVREUSE
1330,78480,1.0,6.0,10.0,5.0,12.0,13.0,2.0,19.0,14.0,11.0,6.0,,VERNEUIL-SUR-SEINE
1331,78490,,7.0,3.0,,,,,1.0,,,4.0,,BAZOCHES-SUR-GUYONNE
1332,78500,4.0,71.0,39.0,201.0,68.0,53.0,70.0,148.0,157.0,134.0,154.0,9.0,SARTROUVILLE
1333,78510,,4.0,2.0,4.0,20.0,3.0,8.0,37.0,10.0,7.0,9.0,,TRIEL-SUR-SEINE
1334,78520,,42.0,8.0,34.0,28.0,17.0,25.0,63.0,12.0,23.0,19.0,1.0,LIMAY
1335,78530,,1.0,1.0,,2.0,1.0,,,,,9.0,,BUC
1336,78540,4.0,2.0,6.0,,9.0,6.0,1.0,8.0,5.0,9.0,8.0,,VERNOUILLET
1337,78550,1.0,11.0,2.0,4.0,19.0,5.0,8.0,4.0,4.0,7.0,31.0,6.0,HOUDAN
1338,78560,,,,1.0,,15.0,18.0,,,47.0,60.0,7.0,LE PORT-MARLY
1339,78570,5.0,29.0,57.0,36.0,107.0,27.0,66.0,48.0,53.0,57.0,63.0,13.0,ANDRESY
1340,78580,,59.0,12.0,,1.0,4.0,1.0,5.0,8.0,9.0,13.0,,MAULE
1341,78590,,4.0,19.0,,2.0,,,2.0,2.0,14.0,6.0,,RENNEMOULIN
1342,78600,,,10.0,5.0,3.0,8.0,4.0,6.0,15.0,23.0,10.0,,LE MESNIL-LE-ROI
1343,78610,,,,,,,8.0,2.0,3.0,9.0,,,LE PERRAY-EN-YVELINES
1344,78620,,,3.0,,,,,,,,3.0,,L'ETANG-LA-VILLE
1345,78630,,2.0,3.0,1.0,4.0,,,,11.0,2.0,1.0,,MORAINVILLIERS
1346,78640,,,2.0,,1.0,1.0,1.0,3.0,,,,,SAINT-GERMAIN-DE-LA-GRANGE
1347,78650,,4.0,4.0,,,,40.0,,5.0,4.0,1.0,,SAULX-MARCHAIS
1348,78660,,5.0,2.0,,7.0,,,,2.0,1.0,,,ALLAINVILLE
1349,78670,,,1.0,3.0,,,,7.0,,2.0,1.0,,MEDAN
1350,78680,,,,4.0,,,,,,,30.0,,EPONE
1351,78690,,,,1.0,1.0,,3.0,2.0,,,1.0,2.0,SAINT-REMY-L'HONORE
1352,78700,12.0,122.0,106.0,100.0,62.0,88.0,139.0,186.0,81.0,68.0,69.0,6.0,CONFLANS-SAINTE-HONORINE
1353,78710,,,9.0,9.0,1.0,1.0,5.0,,2.0,6.0,3.0,,ROSNY-SUR-SEINE
1354,78711,2.0,37.0,25.0,50.0,54.0,60.0,48.0,35.0,26.0,28.0,38.0,,MANTES-LA-VILLE
1355,78720,,4.0,4.0,5.0,,,,,,,,,SAINT-FORGET
1356,78730,,3.0,1.0,1.0,,,2.0,2.0,1.0,,5.0,,SAINT-ARNOULT-EN-YVELINES
1357,78740,,,,,,,14.0,,7.0,,2.0,,EVECQUEMONT
1358,78750,,,,,,,,,,,1.0,,MAREIL-MARLY
1359,78760,,5.0,1.0,7.0,9.0,10.0,,3.0,5.0,,36.0,,JOUARS-PONTCHARTRAIN
1360,78770,,,,,,2.0,14.0,,,,,,MARCQ
1361,78780,,,,1.0,,,4.0,,,1.0,3.0,,MAURECOURT
1362,78790,,,,,,,,,2.0,3.0,,,MULCENT
1363,78800,,26.0,30.0,37.0,23.0,15.0,22.0,16.0,25.0,15.0,22.0,,HOUILLES
1364,78810,,,,,,,3.0,,,,4.0,,FEUCHEROLLES
1365,78830,,1.0,,,3.0,1.0,1.0,5.0,,,,,BONNELLES
1366,78860,,,9.0,,1.0,,,,1.0,,1.0,,SAINT-NOM-LA-BRETECHE
1367,78870,,4.0,,,1.0,,1.0,,,,,,BAILLY
1368,78910,,,,,4.0,,,,,,,,CIVRY-LA-FORET
1369,78920,,,4.0,6.0,,,,,,2.0,2.0,,ECQUEVILLY
1370,78930,,1.0,,1.0,2.0,,,,4.0,,,,VERT
1371,78955,,,11.0,5.0,3.0,2.0,3.0,2.0,,5.0,,,CARRIERES-SOUS-POISSY
1372,78960,,10.0,2.0,2.0,,2.0,,,2.0,1.0,10.0,,VOISINS-LE-BRETONNEUX
1373,78970,,1.0,1.0,,3.0,4.0,,1.0,,,,,MEZIERES-SUR-SEINE
1374,78980,,73.0,6.0,,2.0,7.0,1.0,,,2.0,,,MONDREVILLE
1375,78990,42.0,27.0,46.0,23.0,22.0,25.0,23.0,35.0,24.0,40.0,54.0,,ELANCOURT
1376,79000,,21.0,12.0,19.0,,,6.0,3.0,,,11.0,,SCIECQ
1377,79100,,,,,,,,,1.0,,,,THOUARS
1378,79300,,,,6.0,,,,3.0,,,,,LA CHAPELLE-GAUDIN
1379,79370,,,1.0,,,,,,,,,,THORIGNE
1380,80000,5.0,31.0,7.0,44.0,9.0,19.0,42.0,28.0,23.0,7.0,48.0,5.0,AMIENS
1381,80080,,,,,3.0,,3.0,,,,,,
1382,80100,,,,3.0,,,,1.0,,,1.0,,ABBEVILLE
1383,80130,,,,,,,,2.0,,,,,ALLENAY
1384,80240,,,,,,,2.0,,,,,,VILLERS-FAUCON
1385,80300,,,,,2.0,,,,,,5.0,,FRICOURT
1386,80320,,,,,,1.0,,,,,,,LIHONS
1387,80610,,,,,,,,1.0,,,,,SAINT-OUEN
1388,81000,,1.0,15.0,,,,1.0,12.0,2.0,5.0,8.0,,ALBI
1389,81100,,3.0,,,,,,3.0,,,2.0,,BURLATS
1390,81170,,,,,,,,2.0,,,,,SOUEL
1391,81300,9.0,,,,,,,,4.0,,,,MISSECLE
1392,81310,,,1.0,,,,,,,,,,PEYROLE
1393,81400,,,,2.0,,,,,,,,,ROSIERES
1394,81500,,3.0,,,,,,,,,,,FIAC
1395,81600,,,2.0,1.0,,,3.0,,,,,,RIVIERES
1396,82000,,,4.0,7.0,1.0,,,,6.0,,20.0,,MONTAUBAN
1397,82120,,4.0,,,,,,,,,,,LACHAPELLE
1398,82170,,,,6.0,,,,,,,,,POMPIGNAN
1399,82200,,,5.0,1.0,1.0,,1.0,,,,,,BOUDOU
1400,82300,,,,4.0,,,,,,,,,MONTEILS
1401,83000,,,6.0,,,,1.0,2.0,,,1.0,,
1402,83100,,8.0,14.0,12.0,22.0,15.0,12.0,26.0,19.0,39.0,34.0,2.0,
1403,83110,,,,,,,2.0,,,,,,SANARY-SUR-MER
1404,83120,,1.0,,,,,,,,,,,SAINTE-MAXIME
1405,83130,,4.0,,,2.0,,,,,3.0,,,LA GARDE
1406,83150,,,,,2.0,,,,,,,,BANDOL
1407,83170,,,9.0,,,,6.0,3.0,,,1.0,,VINS-SUR-CARAMY
1408,83190,,,,,,,6.0,,,,,,OLLIOULES
1409,83200,,,,,,,,2.0,,,,,LE REVEST-LES-EAUX
1410,83210,,,,1.0,,,,,,,,,SOLLIES-TOUCAS
1411,83300,,,3.0,7.0,,1.0,,3.0,2.0,,,,CHATEAUDOUBLE
1412,83310,,,,,,,22.0,,,,,,LA MOLE
1413,83350,,,,,,,1.0,,,,,,RAMATUELLE
1414,83370,,,,15.0,,,,,,,,,
1415,83400,,,,,,,5.0,,,1.0,3.0,,HYERES
1416,83440,,,,,,,,2.0,,,,,SAINT-PAUL-EN-FORET
1417,83460,,,,1.0,,,,,,,,,LES ARCS
1418,83470,,,1.0,,,,,,,,2.0,,SAINT-MAXIMIN-LA-SAINTE-BAUME
1419,83480,,,,3.0,,,,,,,5.0,,PUGET-SUR-ARGENS
1420,83500,,,2.0,1.0,2.0,,15.0,,,,,,LA SEYNE-SUR-MER
1421,83560,,1.0,,,,,,,,,,,RIANS
1422,83600,,,,24.0,,,,,,,,,LES ADRETS-DE-L'ESTEREL
1423,83700,,,,43.0,,,2.0,,,,,,
1424,83830,,3.0,,1.0,,,,,,,,,CALLAS
1425,83840,,,,,,,,1.0,,,,,LA ROQUE-ESCLAPON
1426,83990,,,,3.0,,,,1.0,,,17.0,,SAINT-TROPEZ
1427,84000,8.0,5.0,34.0,4.0,32.0,19.0,12.0,7.0,21.0,25.0,17.0,23.0,AVIGNON
1428,84100,,,,,,,,,,,1.0,,ORANGE
1429,84130,,,,1.0,,,1.0,1.0,,,,,LE PONTET
1430,84200,,,4.0,,,,2.0,,10.0,,,2.0,CARPENTRAS
1431,84300,,10.0,1.0,4.0,,,,,,,5.0,6.0,CAVAILLON
1432,84400,,7.0,,,,,,,,,,,CASTELLET
1433,84840,,,,,,,,,,,4.0,,LAMOTTE-DU-RHONE
1434,85000,,7.0,19.0,7.0,17.0,1.0,15.0,,22.0,1.0,48.0,,MOUILLERON-LE-CAPTIF
1435,85017,,,,,,,4.0,,,,,,
1436,85100,,3.0,3.0,,,,9.0,,,,18.0,,LES SABLES-D'OLONNE
1437,85160,,,,,,2.0,,,,,1.0,,SAINT-JEAN-DE-MONTS
1438,85170,,,,,,,,1.0,,,,,BEAUFOU
1439,85200,,,,7.0,,2.0,,,1.0,,,5.0,LONGEVES
1440,85300,,,3.0,,,,4.0,,,6.0,,,SALLERTAINE
1441,85340,,,,,,,,3.0,,,,,L'ILE-D'OLONNE
1442,85400,,,,,1.0,,,,1.0,,,,LAIROUX
1443,85430,,,,,,,,,1.0,,1.0,,LES CLOUZEAUX
1444,85440,,1.0,,,,,,,,,,,SAINT-HILAIRE-LA-FORET
1445,85500,,,,,,,13.0,,24.0,,,,BEAUREPAIRE
1446,85600,,,,,,,,1.0,1.0,,9.0,,MONTAIGU
1447,85610,,,,,,,,11.0,,,,,LA BERNARDIERE
1448,85670,,,,10.0,,,,7.0,,,,,FALLERON
1449,85740,,,,,,,,1.0,,,,,L'EPINE
1450,85800,,1.0,,,,4.0,1.0,3.0,2.0,,,,GIVRAND
1451,86000,,2.0,20.0,27.0,2.0,,20.0,8.0,13.0,37.0,12.0,3.0,POITIERS
1452,86100,,3.0,7.0,11.0,,6.0,,1.0,6.0,1.0,,3.0,CHATELLERAULT
1453,86120,,1.0,,,,,,,,,,,TERNAY
1454,86160,,,,,,,2.0,,,,,,SAINT-MAURICE-LA-CLOUERE
1455,86240,,,,,,,,8.0,,,,,SMARVES
1456,86350,,,,,,,2.0,,,,,,USSON-DU-POITOU
1457,86360,,,,,,,,,,2.0,,,CHASSENEUIL-DU-POITOU
1458,86500,,,,3.0,,,,,,,,,JOUHET
1459,87000,1.0,1.0,8.0,33.0,19.0,15.0,50.0,35.0,17.0,24.0,66.0,7.0,
1460,87100,,,,1.0,,,,,,,,,
1461,87230,,,,2.0,,,4.0,,,,16.0,,DOURNAZAC
1462,87250,,,,,,,,,1.0,,1.0,,FROMENTAL
1463,87440,,,,,,,,,,,2.0,,SAINT-MATHIEU
1464,88000,,12.0,3.0,,,2.0,,,,8.0,,,JEUXEY
1465,88200,,,,,,,4.0,,,,,,REMIREMONT
1466,88300,,,,,,1.0,,,,,,,BAZOILLES-SUR-MEUSE
1467,88560,,,,1.0,,,,,,,,,SAINT-MAURICE-SUR-MOSELLE
1468,88800,,3.0,,3.0,,,,,,,7.0,,MANDRES-SUR-VAIR
1469,89000,,4.0,5.0,3.0,,5.0,,,,,2.0,,PERRIGNY
1470,89100,,12.0,,2.0,2.0,3.0,,,,8.0,,,MALAY-LE-PETIT
1471,89130,,1.0,,,,,,,,,,,MEZILLES
1472,89150,,,,,,2.0,,,,,,,DOLLOT
1473,89200,,,,,1.0,,2.0,,,,,,ANNAY-LA-COTE
1474,89300,,,,,,13.0,,1.0,,,1.0,,PAROY-SUR-THOLON
1475,89400,,2.0,,1.0,,,,,,,,,BONNARD
1476,89500,,,,,14.0,,,,,,,,CHAUMOT
1477,89600,,,,,,,,1.0,,,,,CHEU
1478,89700,,,,,,,,2.0,,,,,SERRIGNY
1479,90000,,,3.0,4.0,,,,5.0,14.0,,13.0,,BELFORT
1480,90013,,,,,,,,,21.0,,,,
1481,90100,,,4.0,,,,,,,,,,JONCHEREY
1482,90300,,,,,,,1.0,,,,,,OFFEMONT
1483,90600,,,,,,,,3.0,,,,,GRANDVILLARS
1484,91000,9.0,191.0,180.0,285.0,148.0,160.0,252.0,353.0,535.0,647.0,672.0,3.0,EVRY
1485,91070,,,,,,,,1.0,2.0,3.0,,,BONDOUFLE
1486,91080,,5.0,,,1.0,6.0,4.0,3.0,1.0,6.0,12.0,,COURCOURONNES
1487,91090,,,,12.0,,2.0,,2.0,3.0,14.0,4.0,,LISSES
1488,91100,,64.0,39.0,56.0,28.0,34.0,35.0,81.0,200.0,83.0,133.0,,VILLABE
1489,91102,,,,,,,,,2.0,,,,
1490,91120,,13.0,12.0,17.0,28.0,111.0,10.0,32.0,17.0,59.0,72.0,1.0,PALAISEAU
1491,91130,,,,16.0,18.0,18.0,11.0,66.0,34.0,123.0,35.0,,RIS-ORANGIS
1492,91140,,7.0,,2.0,8.0,1.0,,2.0,1.0,6.0,26.0,,VILLEBON-SUR-YVETTE
1493,91150,,8.0,34.0,10.0,,4.0,52.0,26.0,191.0,53.0,61.0,2.0,MESPUITS
1494,91160,,10.0,15.0,15.0,9.0,68.0,21.0,10.0,5.0,7.0,25.0,1.0,LONGJUMEAU
1495,91170,,21.0,5.0,51.0,3.0,31.0,48.0,28.0,92.0,21.0,103.0,,VIRY-CHATILLON
1496,91190,,,,1.0,23.0,3.0,30.0,12.0,1.0,8.0,14.0,,SAINT-AUBIN
1497,91200,,1.0,9.0,5.0,13.0,3.0,17.0,39.0,66.0,38.0,35.0,,ATHIS-MONS
1498,91210,,1.0,,20.0,2.0,3.0,13.0,9.0,12.0,32.0,47.0,2.0,DRAVEIL
1499,91220,,,,1.0,2.0,,,3.0,8.0,,,,LE PLESSIS-PATE
1500,91230,,15.0,4.0,13.0,1.0,23.0,8.0,25.0,65.0,28.0,33.0,,MONTGERON
1501,91240,,3.0,10.0,20.0,,,,2.0,33.0,45.0,9.0,,SAINT-MICHEL-SUR-ORGE
1502,91250,,,,,,,,,,3.0,,,MORSANG-SUR-SEINE
1503,91260,2.0,18.0,20.0,63.0,22.0,18.0,31.0,39.0,121.0,10.0,50.0,2.0,JUVISY-SUR-ORGE
1504,91270,,18.0,,23.0,3.0,8.0,16.0,13.0,28.0,50.0,9.0,1.0,VIGNEUX-SUR-SEINE
1505,91280,,,,,,,,5.0,,,,,SAINT-PIERRE-DU-PERRAY
1506,91290,,,14.0,8.0,,1.0,5.0,2.0,19.0,9.0,17.0,1.0,LA NORVILLE
1507,91300,1.0,47.0,36.0,102.0,53.0,67.0,55.0,180.0,81.0,76.0,137.0,19.0,MASSY
1508,91310,,,4.0,,2.0,,3.0,,7.0,9.0,18.0,,LINAS
1509,91320,,19.0,1.0,,,,,,,,,,WISSOUS
1510,91330,,4.0,1.0,7.0,44.0,3.0,11.0,19.0,21.0,9.0,16.0,7.0,YERRES
1511,91340,,,,,,,,,,1.0,,,OLLAINVILLE
1512,91350,,10.0,29.0,39.0,4.0,35.0,100.0,65.0,52.0,71.0,211.0,2.0,GRIGNY
1513,91360,,,15.0,24.0,4.0,4.0,1.0,4.0,30.0,17.0,11.0,,EPINAY-SUR-ORGE
1514,91370,,,3.0,,,,,,2.0,4.0,,,VERRIERES-LE-BUISSON
1515,91380,,4.0,20.0,9.0,10.0,3.0,9.0,2.0,9.0,21.0,18.0,1.0,CHILLY-MAZARIN
1516,91390,,4.0,,9.0,1.0,,4.0,7.0,,7.0,4.0,,MORSANG-SUR-ORGE
1517,91400,2.0,16.0,19.0,1.0,7.0,2.0,3.0,8.0,,42.0,7.0,,GOMETZ-LA-VILLE
1518,91410,,,,,1.0,,,,8.0,22.0,7.0,,AUTHON-LA-PLAINE
1519,91420,,,,5.0,1.0,1.0,20.0,2.0,2.0,22.0,,,MORANGIS
1520,91430,,2.0,,,,4.0,,,,27.0,22.0,,IGNY
1521,91440,,,,3.0,,,2.0,1.0,8.0,1.0,,,BURES-SUR-YVETTE
1522,91450,,,,,,4.0,,16.0,9.0,2.0,,,SOISY-SUR-SEINE
1523,91460,,,,,4.0,,,,,2.0,1.0,,MARCOUSSIS
1524,91470,,,8.0,,2.0,,,9.0,2.0,4.0,4.0,,FORGES-LES-BAINS
1525,91480,,,8.0,,,,3.0,,1.0,2.0,3.0,,VARENNES-JARCY
1526,91490,,,,6.0,,,,,3.0,3.0,6.0,,DANNEMOIS
1527,91510,,,,,,3.0,2.0,1.0,2.0,4.0,2.0,,JANVILLE-SUR-JUINE
1528,91530,,,,,,,7.0,,12.0,,,,SAINT-MAURICE-MONTCOURONNE
1529,91540,,,5.0,,4.0,4.0,3.0,14.0,3.0,19.0,5.0,,ECHARCON
1530,91550,,,3.0,,,,5.0,8.0,1.0,,,,PARAY-VIEILLE-POSTE
1531,91551,,,,,,,,,,1.0,,,
1532,91560,,,5.0,4.0,1.0,,3.0,,2.0,1.0,,,CROSNE
1533,91590,,,,2.0,,,1.0,6.0,12.0,13.0,11.0,,D'HUISON-LONGUEVILLE
1534,91600,,32.0,30.0,28.0,15.0,1.0,70.0,21.0,78.0,48.0,13.0,,SAVIGNY-SUR-ORGE
1535,91610,,,,,,,,,,4.0,3.0,,BALLANCOURT-SUR-ESSONNE
1536,91630,,,,1.0,,1.0,3.0,9.0,14.0,4.0,3.0,,GUIBEVILLE
1537,91640,,,1.0,,,,,,,,,,VAUGRIGNEUSE
1538,91650,,,,,,,,,,8.0,2.0,,SAINT-YON
1539,91660,,2.0,,,,,,,,,,,MEREVILLE
1540,91670,,,,,,1.0,,,,,5.0,,ANGERVILLE
1541,91680,,,,,,,4.0,,3.0,,,,BRUYERES-LE-CHATEL
1542,91700,,8.0,8.0,12.0,2.0,1.0,15.0,21.0,47.0,53.0,67.0,3.0,SAINTE-GENEVIEVE-DES-BOIS
1543,91730,,,,39.0,,,,,,,,,TORFOU
1544,91750,,,,,,,6.0,,,,,,CHEVANNES
1545,91760,,,,,,,,,,5.0,,,ITTEVILLE
1546,91800,1.0,17.0,,11.0,25.0,2.0,11.0,11.0,34.0,12.0,51.0,,BRUNOY
1547,91830,,7.0,,,2.0,,,1.0,,2.0,1.0,,AUVERNAUX
1548,91850,,,,,,,,1.0,,,1.0,,BOURAY-SUR-JUINE
1549,91860,,3.0,,,,,2.0,5.0,1.0,6.0,4.0,,EPINAY-SOUS-SENART
1550,91940,3.0,24.0,15.0,19.0,15.0,28.0,35.0,103.0,48.0,18.0,27.0,,LES ULIS
1551,91961,,,13.0,,2.0,,,,,,,,
1552,92000,38.0,254.0,270.0,438.0,328.0,204.0,396.0,251.0,295.0,303.0,232.0,25.0,NANTERRE
1553,92100,6.0,31.0,146.0,119.0,79.0,61.0,246.0,112.0,92.0,128.0,235.0,1.0,BOULOGNE-BILLANCOURT
1554,92110,4.0,143.0,193.0,115.0,160.0,136.0,125.0,127.0,223.0,154.0,114.0,11.0,CLICHY
1555,92120,3.0,151.0,118.0,44.0,59.0,53.0,50.0,99.0,29.0,77.0,63.0,22.0,MONTROUGE
1556,92130,4.0,67.0,55.0,132.0,17.0,22.0,43.0,70.0,26.0,33.0,94.0,1.0,ISSY-LES-MOULINEAUX
1557,92140,5.0,19.0,12.0,45.0,51.0,12.0,19.0,46.0,50.0,22.0,36.0,2.0,CLAMART
1558,92150,,13.0,30.0,56.0,65.0,25.0,76.0,61.0,38.0,64.0,88.0,,SURESNES
1559,92160,21.0,69.0,39.0,96.0,89.0,53.0,104.0,73.0,81.0,110.0,55.0,2.0,ANTONY
1560,92170,,34.0,17.0,11.0,16.0,30.0,48.0,11.0,7.0,13.0,24.0,,VANVES
1561,92190,2.0,,,4.0,11.0,8.0,,5.0,7.0,2.0,7.0,,
1562,92200,2.0,139.0,43.0,29.0,21.0,11.0,18.0,30.0,26.0,108.0,53.0,,NEUILLY-SUR-SEINE
1563,92210,,19.0,24.0,23.0,20.0,13.0,21.0,14.0,2.0,20.0,8.0,,SAINT-CLOUD
1564,92220,25.0,208.0,48.0,42.0,69.0,69.0,61.0,85.0,67.0,128.0,79.0,1.0,BAGNEUX
1565,92230,28.0,197.0,132.0,185.0,115.0,59.0,184.0,178.0,205.0,156.0,104.0,4.0,GENNEVILLIERS
1566,92240,18.0,116.0,101.0,57.0,162.0,69.0,83.0,95.0,45.0,50.0,33.0,3.0,MALAKOFF
1567,92250,,3.0,11.0,11.0,28.0,9.0,19.0,12.0,17.0,28.0,27.0,,LA GARENNE-COLOMBES
1568,92260,3.0,19.0,11.0,29.0,29.0,20.0,5.0,9.0,20.0,22.0,43.0,4.0,FONTENAY-AUX-ROSES
1569,92270,,1.0,49.0,4.0,8.0,12.0,2.0,17.0,60.0,34.0,16.0,1.0,BOIS-COLOMBES
1570,92290,12.0,16.0,9.0,25.0,8.0,12.0,10.0,13.0,6.0,15.0,101.0,1.0,CHATENAY-MALABRY
1571,92300,3.0,97.0,39.0,53.0,56.0,35.0,25.0,56.0,35.0,52.0,72.0,,LEVALLOIS-PERRET
1572,92310,,15.0,6.0,12.0,6.0,,6.0,6.0,,,1.0,,SEVRES
1573,92320,6.0,26.0,4.0,28.0,36.0,30.0,5.0,16.0,59.0,40.0,2.0,3.0,CHATILLON
1574,92330,,5.0,2.0,15.0,22.0,1.0,6.0,9.0,2.0,19.0,19.0,,SCEAUX
1575,92340,2.0,31.0,9.0,20.0,30.0,31.0,9.0,3.0,20.0,16.0,22.0,,BOURG-LA-REINE
1576,92350,,15.0,7.0,8.0,26.0,8.0,1.0,5.0,,22.0,9.0,,LE PLESSIS-ROBINSON
1577,92360,2.0,43.0,6.0,25.0,20.0,14.0,7.0,50.0,33.0,37.0,52.0,8.0,
1578,92370,4.0,4.0,17.0,12.0,25.0,5.0,22.0,,31.0,15.0,16.0,2.0,CHAVILLE
1579,92380,,,10.0,,6.0,,8.0,8.0,6.0,15.0,6.0,,GARCHES
1580,92390,,49.0,68.0,28.0,29.0,43.0,104.0,30.0,61.0,47.0,32.0,2.0,VILLENEUVE-LA-GARENNE
1581,92400,22.0,136.0,230.0,137.0,118.0,63.0,115.0,168.0,102.0,293.0,226.0,1.0,COURBEVOIE
1582,92410,,,4.0,3.0,,,,,,,,,VILLE-D'AVRAY
1583,92420,,,,25.0,14.0,3.0,,,,7.0,1.0,,VAUCRESSON
1584,92430,,3.0,2.0,2.0,2.0,,,,,,,,MARNES-LA-COQUETTE
1585,92500,10.0,38.0,80.0,98.0,32.0,33.0,35.0,42.0,37.0,127.0,24.0,5.0,RUEIL-MALMAISON
1586,92600,32.0,807.0,313.0,481.0,387.0,398.0,501.0,532.0,578.0,551.0,548.0,36.0,ASNIERES-SUR-SEINE
1587,92700,12.0,230.0,171.0,140.0,245.0,121.0,133.0,222.0,284.0,267.0,354.0,12.0,COLOMBES
1588,92800,7.0,85.0,58.0,31.0,29.0,55.0,115.0,65.0,62.0,55.0,94.0,2.0,PUTEAUX
1589,93000,24.0,231.0,255.0,269.0,254.0,205.0,212.0,325.0,203.0,312.0,305.0,36.0,BOBIGNY
1590,93027,19.0,140.0,115.0,105.0,101.0,314.0,194.0,316.0,175.0,215.0,213.0,20.0,
1591,93100,157.0,709.0,531.0,565.0,687.0,472.0,513.0,615.0,381.0,419.0,449.0,11.0,MONTREUIL
1592,93110,31.0,187.0,155.0,180.0,108.0,78.0,188.0,134.0,253.0,87.0,84.0,23.0,ROSNY-SOUS-BOIS
1593,93117,,,,,5.0,,,,29.0,,,,
1594,93120,,61.0,16.0,27.0,83.0,67.0,105.0,46.0,30.0,43.0,69.0,,LA COURNEUVE
1595,93130,,79.0,54.0,47.0,67.0,50.0,44.0,76.0,31.0,50.0,101.0,7.0,NOISY-LE-SEC
1596,93140,18.0,262.0,212.0,282.0,134.0,282.0,263.0,223.0,205.0,207.0,329.0,31.0,BONDY
1597,93150,12.0,148.0,184.0,142.0,123.0,66.0,80.0,135.0,93.0,108.0,167.0,12.0,LE BLANC-MESNIL
1598,93160,1.0,67.0,68.0,131.0,116.0,123.0,90.0,54.0,65.0,59.0,176.0,4.0,NOISY-LE-GRAND
1599,93170,,47.0,123.0,85.0,47.0,51.0,26.0,50.0,177.0,87.0,96.0,,BAGNOLET
1600,93190,18.0,155.0,112.0,58.0,21.0,74.0,24.0,42.0,35.0,70.0,90.0,3.0,LIVRY-GARGAN
1601,93200,172.0,947.0,895.0,1194.0,680.0,888.0,780.0,759.0,808.0,637.0,1011.0,42.0,
1602,93210,,2.0,40.0,6.0,31.0,7.0,2.0,26.0,18.0,3.0,70.0,,
1603,93220,13.0,30.0,33.0,76.0,43.0,69.0,106.0,79.0,65.0,82.0,132.0,,GAGNY
1604,93230,1.0,37.0,48.0,76.0,64.0,51.0,40.0,40.0,34.0,22.0,58.0,5.0,ROMAINVILLE
1605,93240,2.0,70.0,51.0,117.0,71.0,50.0,77.0,90.0,29.0,39.0,120.0,1.0,STAINS
1606,93250,,60.0,83.0,33.0,15.0,34.0,36.0,5.0,7.0,33.0,46.0,,VILLEMOMBLE
1607,93260,,28.0,35.0,37.0,82.0,111.0,6.0,8.0,21.0,29.0,56.0,,LES LILAS
1608,93270,50.0,159.0,134.0,149.0,274.0,113.0,120.0,66.0,86.0,80.0,114.0,10.0,SEVRAN
1609,93290,3.0,28.0,23.0,32.0,16.0,16.0,26.0,18.0,43.0,19.0,22.0,,TREMBLAY-EN-FRANCE
1610,93300,75.0,531.0,432.0,396.0,481.0,508.0,410.0,398.0,377.0,333.0,342.0,66.0,AUBERVILLIERS
1611,93310,3.0,9.0,19.0,30.0,44.0,65.0,35.0,43.0,76.0,15.0,39.0,,LE PRE-SAINT-GERVAIS
1612,93320,3.0,6.0,9.0,12.0,5.0,36.0,39.0,14.0,6.0,42.0,46.0,6.0,LES PAVILLONS-SOUS-BOIS
1613,93330,60.0,830.0,546.0,1098.0,736.0,530.0,641.0,453.0,633.0,640.0,541.0,45.0,NEUILLY-SUR-MARNE
1614,93340,,18.0,21.0,10.0,9.0,19.0,7.0,10.0,2.0,3.0,10.0,,LE RAINCY
1615,93350,,34.0,52.0,57.0,24.0,51.0,51.0,63.0,30.0,57.0,43.0,14.0,LE BOURGET
1616,93360,5.0,15.0,34.0,42.0,24.0,2.0,20.0,10.0,19.0,39.0,92.0,1.0,NEUILLY-PLAISANCE
1617,93370,1.0,19.0,19.0,15.0,32.0,35.0,19.0,12.0,19.0,30.0,40.0,,MONTFERMEIL
1618,93380,8.0,49.0,67.0,58.0,18.0,48.0,43.0,34.0,39.0,24.0,60.0,1.0,PIERREFITTE-SUR-SEINE
1619,93390,1.0,25.0,64.0,97.0,29.0,35.0,24.0,23.0,27.0,96.0,39.0,,CLICHY-SOUS-BOIS
1620,93400,15.0,151.0,123.0,140.0,94.0,95.0,131.0,187.0,110.0,93.0,127.0,8.0,SAINT-OUEN
1621,93406,,1.0,3.0,3.0,,,17.0,,4.0,4.0,8.0,,
1622,93410,,127.0,19.0,44.0,21.0,1.0,11.0,2.0,7.0,20.0,6.0,,VAUJOURS
1623,93420,13.0,83.0,29.0,33.0,33.0,39.0,142.0,108.0,30.0,148.0,73.0,1.0,VILLEPINTE
1624,93430,,32.0,12.0,87.0,9.0,12.0,44.0,3.0,16.0,18.0,37.0,,VILLETANEUSE
1625,93440,,78.0,17.0,19.0,13.0,4.0,11.0,10.0,23.0,7.0,16.0,8.0,DUGNY
1626,93450,,,,,4.0,,,,1.0,3.0,,,L'ILE-SAINT-DENIS
1627,93460,,1.0,,,,,14.0,2.0,,,8.0,,GOURNAY-SUR-MARNE
1628,93470,,,1.0,,,,2.0,5.0,13.0,,6.0,,COUBRON
1629,93500,29.0,388.0,341.0,372.0,510.0,427.0,342.0,254.0,219.0,199.0,264.0,25.0,PANTIN
1630,93600,15.0,261.0,218.0,150.0,173.0,154.0,283.0,150.0,158.0,119.0,193.0,11.0,AULNAY-SOUS-BOIS
1631,93700,34.0,144.0,130.0,103.0,118.0,124.0,97.0,105.0,118.0,59.0,136.0,12.0,DRANCY
1632,93800,11.0,103.0,89.0,111.0,88.0,48.0,57.0,117.0,108.0,71.0,92.0,13.0,EPINAY-SUR-SEINE
1633,94000,45.0,576.0,447.0,694.0,671.0,616.0,550.0,649.0,512.0,411.0,555.0,86.0,CRETEIL
1634,94100,,49.0,71.0,87.0,71.0,82.0,142.0,115.0,98.0,63.0,81.0,4.0,
1635,94110,13.0,125.0,89.0,89.0,43.0,29.0,73.0,35.0,60.0,72.0,48.0,,ARCUEIL
1636,94120,17.0,111.0,47.0,119.0,86.0,59.0,78.0,88.0,88.0,65.0,75.0,,FONTENAY-SOUS-BOIS
1637,94130,,15.0,28.0,35.0,10.0,69.0,27.0,40.0,51.0,18.0,92.0,1.0,NOGENT-SUR-MARNE
1638,94140,25.0,67.0,92.0,141.0,110.0,41.0,111.0,158.0,115.0,113.0,118.0,17.0,ALFORTVILLE
1639,94150,,8.0,24.0,3.0,5.0,1.0,14.0,19.0,7.0,9.0,5.0,,RUNGIS
1640,94160,,6.0,7.0,1.0,,,,,,,,,SAINT-MANDE
1641,94170,,28.0,38.0,31.0,21.0,31.0,4.0,2.0,26.0,14.0,41.0,,LE PERREUX-SUR-MARNE
1642,94190,13.0,86.0,105.0,124.0,90.0,55.0,75.0,127.0,153.0,145.0,133.0,5.0,VILLENEUVE-SAINT-GEORGES
1643,94200,13.0,341.0,368.0,222.0,302.0,264.0,193.0,294.0,187.0,246.0,149.0,39.0,IVRY-SUR-SEINE
1644,94210,,,9.0,6.0,,2.0,4.0,,1.0,1.0,1.0,,
1645,94220,,33.0,38.0,27.0,73.0,32.0,47.0,39.0,21.0,12.0,56.0,13.0,CHARENTON-LE-PONT
1646,94230,8.0,67.0,61.0,111.0,50.0,51.0,41.0,21.0,25.0,81.0,52.0,,CACHAN
1647,94240,,2.0,3.0,1.0,1.0,35.0,19.0,3.0,,7.0,,,L'HAY-LES-ROSES
1648,94250,,72.0,14.0,69.0,32.0,26.0,51.0,34.0,144.0,11.0,26.0,1.0,GENTILLY
1649,94260,,33.0,64.0,54.0,81.0,54.0,97.0,53.0,23.0,22.0,43.0,,FRESNES
1650,94270,3.0,56.0,88.0,50.0,162.0,54.0,54.0,97.0,75.0,36.0,17.0,30.0,LE KREMLIN-BICETRE
1651,94290,14.0,82.0,41.0,88.0,54.0,40.0,30.0,13.0,9.0,30.0,11.0,,VILLENEUVE-LE-ROI
1652,94300,14.0,47.0,59.0,53.0,50.0,30.0,65.0,33.0,44.0,55.0,91.0,,VINCENNES
1653,94306,,,,,1.0,,,,,,,,
1654,94310,,37.0,15.0,103.0,41.0,14.0,60.0,72.0,47.0,91.0,131.0,2.0,ORLY
1655,94320,,16.0,5.0,16.0,55.0,56.0,25.0,58.0,35.0,10.0,12.0,,THIAIS
1656,94340,,10.0,5.0,16.0,29.0,13.0,15.0,50.0,24.0,49.0,21.0,5.0,JOINVILLE-LE-PONT
1657,94350,25.0,24.0,24.0,97.0,37.0,24.0,215.0,13.0,33.0,73.0,33.0,,VILLIERS-SUR-MARNE
1658,94360,,5.0,8.0,7.0,38.0,12.0,30.0,25.0,5.0,10.0,4.0,,BRY-SUR-MARNE
1659,94370,3.0,18.0,37.0,43.0,24.0,12.0,12.0,53.0,28.0,53.0,85.0,,SUCY-EN-BRIE
1660,94380,6.0,17.0,35.0,27.0,29.0,31.0,27.0,37.0,9.0,19.0,7.0,,BONNEUIL-SUR-MARNE
1661,94390,,,3.0,5.0,2.0,,8.0,4.0,,24.0,25.0,1.0,
1662,94400,83.0,1062.0,1298.0,1115.0,1084.0,869.0,783.0,820.0,790.0,926.0,867.0,97.0,VITRY-SUR-SEINE
1663,94410,,3.0,7.0,26.0,2.0,3.0,6.0,15.0,5.0,3.0,7.0,,SAINT-MAURICE
1664,94420,,14.0,4.0,13.0,13.0,5.0,10.0,8.0,22.0,17.0,12.0,,LE PLESSIS-TREVISE
1665,94430,,,9.0,46.0,,3.0,,,1.0,,,,CHENNEVIERES-SUR-MARNE
1666,94440,,33.0,22.0,47.0,26.0,4.0,13.0,3.0,7.0,4.0,10.0,,MAROLLES-EN-BRIE
1667,94450,,33.0,117.0,123.0,46.0,25.0,31.0,21.0,17.0,25.0,8.0,,LIMEIL-BREVANNES
1668,94460,,26.0,9.0,17.0,29.0,67.0,46.0,26.0,63.0,13.0,7.0,,VALENTON
1669,94470,,18.0,56.0,48.0,56.0,58.0,45.0,30.0,64.0,178.0,17.0,,BOISSY-SAINT-LEGER
1670,94480,,80.0,4.0,26.0,8.0,3.0,6.0,1.0,,3.0,4.0,,ABLON-SUR-SEINE
1671,94490,,,,9.0,,3.0,,,1.0,2.0,,,ORMESSON-SUR-MARNE
1672,94500,4.0,101.0,88.0,276.0,168.0,62.0,213.0,311.0,373.0,168.0,233.0,5.0,CHAMPIGNY-SUR-MARNE
1673,94510,,,1.0,2.0,,1.0,,,15.0,1.0,,,LA QUEUE-EN-BRIE
1674,94520,,,,8.0,,,,,,9.0,,,MANDRES-LES-ROSES
1675,94550,,23.0,9.0,6.0,53.0,4.0,18.0,29.0,59.0,4.0,16.0,,CHEVILLY-LARUE
1676,94600,3.0,154.0,61.0,214.0,159.0,88.0,190.0,196.0,211.0,171.0,178.0,133.0,CHOISY-LE-ROI
1677,94700,7.0,54.0,156.0,92.0,187.0,83.0,46.0,93.0,107.0,68.0,51.0,12.0,MAISONS-ALFORT
1678,94800,9.0,146.0,113.0,269.0,285.0,217.0,259.0,321.0,141.0,154.0,262.0,34.0,VILLEJUIF
1679,94880,,2.0,,,2.0,,,,3.0,,,,NOISEAU
1680,95000,211.0,222.0,368.0,288.0,577.0,233.0,371.0,429.0,285.0,285.0,221.0,3.0,CERGY
1681,95002,,,8.0,2.0,11.0,,1.0,2.0,,1.0,5.0,,
1682,95100,,48.0,112.0,320.0,139.0,31.0,91.0,144.0,100.0,151.0,169.0,,ARGENTEUIL
1683,95110,,20.0,,1.0,1.0,2.0,11.0,,3.0,11.0,36.0,,SANNOIS
1684,95120,,9.0,29.0,2.0,96.0,11.0,8.0,30.0,20.0,18.0,15.0,,ERMONT
1685,95130,,25.0,,46.0,36.0,12.0,7.0,32.0,10.0,14.0,10.0,5.0,FRANCONVILLE
1686,95140,,31.0,16.0,40.0,79.0,52.0,55.0,54.0,96.0,15.0,91.0,2.0,GARGES-LES-GONESSE
1687,95150,,8.0,,19.0,20.0,12.0,19.0,43.0,11.0,20.0,47.0,,TAVERNY
1688,95160,,7.0,,22.0,8.0,,2.0,3.0,1.0,5.0,13.0,,MONTMORENCY
1689,95170,,3.0,6.0,,3.0,40.0,2.0,4.0,17.0,4.0,59.0,6.0,DEUIL-LA-BARRE
1690,95180,,,,,4.0,,2.0,,1.0,,,,MENUCOURT
1691,95190,5.0,17.0,16.0,34.0,73.0,17.0,55.0,44.0,47.0,32.0,48.0,,CHATENAY-EN-FRANCE
1692,95200,20.0,81.0,65.0,101.0,192.0,101.0,134.0,54.0,108.0,62.0,117.0,16.0,SARCELLES
1693,95210,,2.0,,,16.0,8.0,,2.0,6.0,5.0,9.0,,SAINT-GRATIEN
1694,95220,,4.0,1.0,60.0,19.0,7.0,1.0,37.0,10.0,33.0,26.0,,HERBLAY
1695,95230,,7.0,,15.0,4.0,,11.0,11.0,12.0,4.0,11.0,,SOISY-SOUS-MONTMORENCY
1696,95240,,2.0,,7.0,11.0,4.0,,10.0,4.0,,4.0,,CORMEILLES-EN-PARISIS
1697,95250,,,,6.0,3.0,1.0,2.0,4.0,18.0,1.0,18.0,,BEAUCHAMP
1698,95260,,,,28.0,3.0,,,,7.0,,26.0,,BEAUMONT-SUR-OISE
1699,95270,,,,,5.0,,1.0,,1.0,,,,VIARMES
1700,95280,,,3.0,30.0,9.0,,8.0,4.0,2.0,1.0,1.0,,JOUY-LE-MOUTIER
1701,95290,,,,,9.0,,,,5.0,,4.0,,L'ISLE-ADAM
1702,95300,,61.0,23.0,110.0,43.0,24.0,39.0,22.0,44.0,16.0,33.0,9.0,HEROUVILLE
1703,95310,,14.0,7.0,7.0,34.0,,7.0,1.0,,,24.0,,SAINT-OUEN-L'AUMONE
1704,95320,,,,1.0,21.0,2.0,6.0,1.0,1.0,6.0,9.0,,SAINT-LEU-LA-FORET
1705,95330,,4.0,10.0,3.0,3.0,,8.0,9.0,22.0,1.0,4.0,,DOMONT
1706,95340,,,4.0,,48.0,,3.0,9.0,18.0,29.0,40.0,,RONQUEROLLES
1707,95350,,1.0,,,,11.0,,137.0,,1.0,14.0,,SAINT-BRICE-SOUS-FORET
1708,95360,,,4.0,7.0,7.0,3.0,6.0,4.0,2.0,21.0,74.0,,MONTMAGNY
1709,95370,,1.0,,11.0,3.0,1.0,5.0,11.0,26.0,6.0,98.0,,MONTIGNY-LES-CORMEILLES
1710,95380,,1.0,3.0,6.0,7.0,8.0,19.0,7.0,39.0,9.0,7.0,,PUISEUX-EN-FRANCE
1711,95390,,,,2.0,4.0,10.0,1.0,,1.0,,1.0,,SAINT-PRIX
1712,95400,3.0,76.0,40.0,19.0,62.0,15.0,43.0,49.0,42.0,4.0,25.0,6.0,ARNOUVILLE
1713,95410,,,,9.0,,,1.0,,2.0,,,,GROSLAY
1714,95420,,,2.0,17.0,,,12.0,,6.0,11.0,5.0,,OMERVILLE
1715,95430,,4.0,10.0,,6.0,5.0,1.0,1.0,9.0,,1.0,,BUTRY-SUR-OISE
1716,95440,,,2.0,13.0,1.0,,8.0,,31.0,,,,ECOUEN
1717,95450,,,,,,,,,,,1.0,,GOUZANGREZ
1718,95460,1.0,,1.0,10.0,6.0,,6.0,,1.0,,3.0,,EZANVILLE
1719,95470,,6.0,22.0,4.0,3.0,,7.0,2.0,24.0,,15.0,,SURVILLIERS
1720,95480,,10.0,95.0,9.0,45.0,50.0,3.0,8.0,1.0,22.0,50.0,,PIERRELAYE
1721,95490,,,2.0,,,,6.0,4.0,1.0,1.0,6.0,,VAUREAL
1722,95500,,10.0,14.0,31.0,28.0,57.0,81.0,36.0,109.0,25.0,33.0,8.0,GONESSE
1723,95520,,7.0,1.0,3.0,15.0,10.0,6.0,7.0,21.0,18.0,50.0,1.0,OSNY
1724,95540,,,,4.0,2.0,8.0,2.0,6.0,3.0,,29.0,,MERY-SUR-OISE
1725,95550,,,,,34.0,3.0,,6.0,5.0,1.0,3.0,,BESSANCOURT
1726,95560,,,,7.0,,,22.0,,,,1.0,,MONTSOULT
1727,95570,,,,,3.0,2.0,5.0,,5.0,7.0,5.0,,ATTAINVILLE
1728,95580,,1.0,,,,,,,,,,,MARGENCY
1729,95590,,,,,,,,,,,27.0,2.0,NOINTEL
1730,95600,,1.0,3.0,17.0,67.0,2.0,22.0,8.0,4.0,,5.0,,EAUBONNE
1731,95610,,12.0,20.0,,4.0,7.0,1.0,5.0,1.0,2.0,1.0,,ERAGNY
1732,95620,,,,,5.0,2.0,,,,,1.0,,PARMAIN
1733,95630,,,3.0,,,,,,,3.0,18.0,,MERIEL
1734,95640,,,,,,,,1.0,,,3.0,,LE HEAULME
1735,95650,,,,,,,,,,12.0,,,BOISSY-L'AILLERIE
1736,95660,,,,,,,,,,,21.0,,CHAMPAGNE-SUR-OISE
1737,95670,,,,4.0,,,,,5.0,,1.0,,MARLY-LA-VILLE
1738,95680,,,,,,,,,,,1.0,,MONTLIGNON
1739,95700,,1.0,,2.0,6.0,9.0,511.0,699.0,160.0,68.0,33.0,,ROISSY-EN-FRANCE
1740,95750,,,,,,,3.0,,,,,,LE BELLAY-EN-VEXIN
1741,95800,11.0,81.0,215.0,174.0,259.0,121.0,180.0,93.0,218.0,168.0,202.0,18.0,COURDIMANCHE
1742,95850,,1.0,,,,,,,,,,,JAGNY-SOUS-BOIS
1743,95870,2.0,11.0,22.0,55.0,131.0,86.0,39.0,23.0,49.0,18.0,42.0,5.0,BEZONS
1744,95880,,3.0,,6.0,3.0,3.0,7.0,23.0,104.0,46.0,34.0,,ENGHIEN-LES-BAINS
1745,97300,,,,,,,,,,,,9.0,CAYENNE
1746,97313,,,,,,,,,,1.0,,,SAINT-GEORGES
1747,97400,,,,,,,1.0,,1.0,,1.0,,SAINT-DENIS
1748,97434,,,,,,,,,,4.0,,,
1749,97460,,,,,,,,,,,2.0,,SAINT-PAUL
1750,97490,,2.0,,,,,,,3.0,,,,
1751,98000,,,,,,,,2.0,,,2.0,,
