,Code_Postal,2021-03,2021-04,2021-05,2021-06,2021-07,2021-08,2021-09,2021-10,2021-11,Ville
0,,,2.0,3.0,20.0,,13.0,6.0,13.0,,
1,00000,,,,1.0,,,,,,
2,00097,,,,,,4.0,,1.0,,
3,01000,,22.0,3.0,13.0,22.0,1.0,2.0,,,SAINT-DENIS-LES-BOURG
4,01200,,,1.0,,1.0,,,,,CONFORT
5,01240,,1.0,,,,,,,,SAINT-GERMAIN-SUR-RENON
6,01300,,,,,,,1.0,,,MARIGNIEU
7,01600,,,,7.0,,,,,,TOUSSIEUX
8,01630,,,,,,,,9.0,,CHALLEX
9,01700,,2.0,,1.0,,,24.0,1.0,,NEYRON
10,01750,,,1.0,,,,,,,REPLONGES
11,01800,,,1.0,,,,,,,CHARNOZ-SUR-AIN
12,01960,,,50.0,7.0,1.0,,,8.0,,PERONNAS
13,02000,,,1.0,13.0,2.0,8.0,1.0,6.0,,BRAYE-EN-LAONNOIS
14,02100,,,8.0,6.0,10.0,7.0,2.0,17.0,9.0,NEUVILLE-SAINT-AMAND
15,02130,,,,2.0,,,,,,BEUVARDES
16,02140,,,,2.0,,,4.0,,,NAMPCELLES-LA-COUR
17,02150,,,,,2.0,,,,,LA SELVE
18,02200,,,,,,,3.0,,1.0,BELLEU
19,02370,,,,,,,1.0,,,CHAVONNE
20,02400,,,13.0,1.0,18.0,,,3.0,,LUCY-LE-BOCAGE
21,02420,,,,,,,,1.0,,AUBENCHEUL-AUX-BOIS
22,02620,,,,,1.0,,,,,BUIRONFOSSE
23,02700,,,,5.0,,,,,1.0,FRIERES-FAILLOUEL
24,03000,,1.0,,12.0,,,20.0,11.0,,NEUVY
25,03100,2.0,1.0,2.0,5.0,24.0,11.0,1.0,35.0,4.0,MONTLUCON
26,03190,,1.0,,,,,,,,SAINT-CAPRAIS
27,03200,,4.0,,5.0,,,2.0,2.0,1.0,LE VERNET
28,03360,,,,,3.0,,,,,URCAY
29,03370,,,,,,,,2.0,,MESPLES
30,03400,,,,,,,2.0,,,GENNETINES
31,03500,,,,,,,1.0,,,CESSET
32,04000,,,,,,,2.0,,1.0,DIGNE-LES-BAINS
33,04100,,,,2.0,,13.0,,1.0,5.0,MANOSQUE
34,04160,,,2.0,,,,,,,CHATEAU-ARNOUX-SAINT-AUBAN
35,04200,,,,2.0,7.0,,,,,CHATEAUNEUF-VAL-SAINT-DONAT
36,04380,,,1.0,,,,,,,THOARD
37,05000,,2.0,2.0,3.0,1.0,,6.0,,,LA ROCHETTE
38,05100,,4.0,,2.0,,1.0,4.0,,,PUY-SAINT-PIERRE
39,05230,,6.0,,,,,,,,CHORGES
40,05560,,,,1.0,,,,3.0,,VARS
41,06000,11.0,281.0,373.0,436.0,341.0,357.0,420.0,762.0,439.0,NICE
42,06008,,5.0,3.0,35.0,2.0,38.0,15.0,25.0,17.0,
43,06100,,,4.0,1.0,2.0,6.0,14.0,8.0,32.0,
44,06110,,5.0,,1.0,,,28.0,26.0,21.0,LE CANNET
45,06114,,,,,,,,,1.0,
46,06130,,,7.0,12.0,6.0,123.0,36.0,20.0,63.0,
47,06140,,,,2.0,12.0,11.0,2.0,,,TOURRETTES-SUR-LOUP
48,06150,,19.0,43.0,49.0,37.0,53.0,41.0,45.0,43.0,
49,06160,,,2.0,3.0,,,,,,
50,06190,,,,3.0,2.0,,3.0,2.0,,ROQUEBRUNE-CAP-MARTIN
51,06200,,24.0,4.0,5.0,9.0,48.0,28.0,62.0,48.0,
52,06206,,,,,,,,,1.0,
53,06210,,,2.0,26.0,1.0,,7.0,30.0,2.0,MANDELIEU-LA-NAPOULE
54,06220,,,2.0,1.0,,,,5.0,6.0,VALLAURIS
55,06230,,,,,,2.0,,,,SAINT-JEAN-CAP-FERRAT
56,06240,,,,5.0,2.0,,,11.0,,BEAUSOLEIL
57,06250,,,,,4.0,,,,,MOUGINS
58,06260,,,,4.0,,,,,1.0,LA CROIX-SUR-ROUDOULE
59,06270,,,,,,,,1.0,,VILLENEUVE-LOUBET
60,06300,,29.0,2.0,37.0,21.0,54.0,49.0,42.0,27.0,
61,06320,,,,,,1.0,,,,CAP-D'AIL
62,06340,,,,20.0,,1.0,6.0,,1.0,LA TRINITE
63,06360,,,,,,2.0,,,,EZE
64,06370,,22.0,5.0,4.0,19.0,,1.0,2.0,,MOUANS-SARTOUX
65,06380,,,,2.0,,,,,,SOSPEL
66,06390,,,,,,,12.0,,,BERRE-LES-ALPES
67,06400,,1.0,,,,,4.0,3.0,2.0,
68,06410,,5.0,,10.0,,,,,,BIOT
69,06420,,,,2.0,,,,,,MARIE
70,06430,,,,4.0,,1.0,,9.0,8.0,LA BRIGUE
71,06450,,,,1.0,,,,,,LANTOSQUE
72,06460,,,,2.0,,,,,,CAUSSOLS
73,06470,,,,9.0,,,,,,VILLENEUVE-D'ENTRAUNES
74,06500,,,3.0,22.0,19.0,3.0,22.0,18.0,1.0,CASTILLON
75,06510,,,,23.0,,,2.0,9.0,,CARROS
76,06520,,,,,,,,3.0,,
77,06530,,,,,,,3.0,6.0,1.0,SPERACEDES
78,06540,,,,2.0,,1.0,1.0,11.0,10.0,SAORGE
79,06550,,,3.0,,,,,,,LA ROQUETTE-SUR-SIAGNE
80,06560,,,,1.0,1.0,,,15.0,8.0,VALBONNE
81,06570,,2.0,,,,,,,,SAINT-PAUL-DE-VENCE
82,06600,,18.0,36.0,43.0,31.0,26.0,14.0,38.0,24.0,
83,06670,,2.0,,4.0,,,,4.0,1.0,LA ROQUETTE-SUR-VAR
84,06700,,,,,5.0,1.0,,,2.0,SAINT-LAURENT-DU-VAR
85,06730,,,,2.0,4.0,,,,10.0,SAINT-ANDRE-DE-LA-ROCHE
86,06750,,,,,,,3.0,,,CAILLE
87,06800,,,,10.0,,6.0,,2.0,,CAGNES-SUR-MER
88,06830,,,,,,,3.0,,,REVEST-LES-ROCHES
89,06850,,,,1.0,,2.0,,10.0,,BRIANCONNET
90,06910,,,,,,,1.0,,,SIGALE
91,07000,,,1.0,,,1.0,,3.0,7.0,AJOUX
92,07100,,1.0,1.0,,,,,,1.0,ROIFFIEUX
93,07110,,,,,,3.0,,,,VINEZAC
94,07120,,,,,,,,4.0,,LABEAUME
95,07130,,,1.0,,,,,,,SAINT-PERAY
96,07140,,,,,,,,4.0,,LES VANS
97,07150,,,,1.0,,,,,6.0,BESSAS
98,07160,,,,,,,,11.0,,SAINT-JEAN-ROURE
99,07200,,6.0,,,,,,3.0,4.0,SAINT-JULIEN-DU-SERRE
100,07230,,,,,,,,,4.0,PLANZOLLES
101,07240,,,,,,,,2.0,,CHALENCON
102,07250,,,,,,,,,1.0,ROMPON
103,07260,,,,,,,,3.0,,DOMPNAC
104,07300,,,,,,,1.0,,,TOURNON-SUR-RHONE
105,07700,,,,,,,,2.0,,BOURG-SAINT-ANDEOL
106,07800,,,,,,,,1.0,,LA VOULTE-SUR-RHONE
107,08000,,3.0,3.0,7.0,4.0,,5.0,7.0,10.0,PRIX-LES-MEZIERES
108,08110,,2.0,,,,2.0,,,,WILLIERS
109,08160,,,,,,,,1.0,,FLIZE
110,08210,,,,,,,,1.0,,YONCQ
111,08250,,,,,,,2.0,,,AUTRY
112,08300,,,,,1.0,,,,,ECLY
113,08500,,,,,,,,1.0,,LES MAZURES
114,08600,,,1.0,,,2.0,,,,CHARNOIS
115,08700,,,,,,2.0,,,,NOUZONVILLE
116,08859,,,,,,9.0,,,,
117,09000,,,,,3.0,,,8.0,,L'HERM
118,09100,,,9.0,,,,,,,LES PUJOLS
119,09200,,,4.0,,,,,,,ERP
120,09400,,,,,,,1.0,,,ORNOLAC-USSAT-LES-BAINS
121,10000,,1.0,21.0,4.0,9.0,1.0,22.0,5.0,14.0,TROYES
122,10007,,,,,,,2.0,,,
123,10100,,,,,4.0,,2.0,,3.0,ROMILLY-SUR-SEINE
124,10400,,,,2.0,,,,,1.0,MONTPOTHIER
125,11000,,,3.0,15.0,1.0,1.0,,,6.0,CARCASSONNE
126,11100,,2.0,,3.0,,20.0,4.0,3.0,4.0,MONTREDON-DES-CORBIERES
127,11200,,,,,,,,,2.0,CONILHAC-CORBIERES
128,11210,,,,3.0,,,1.0,,,PORT-LA-NOUVELLE
129,11230,,1.0,,,,,,,,PEYREFITTE-DU-RAZES
130,11400,,,2.0,3.0,,,,,,PUGINIER
131,11510,,,,,,,,13.0,,FEUILLA
132,12000,,,4.0,2.0,,1.0,,,,LE MONASTERE
133,12100,,1.0,,,4.0,,,,,MILLAU
134,12160,,,,,,,,1.0,,MOYRAZES
135,12300,,7.0,,,,,,,,FLAGNAC
136,12390,,,,,,,,2.0,,RIGNAC
137,12500,,,,2.0,,,,,5.0,LASSOUTS
138,12520,,,,,,,,,2.0,COMPEYRE
139,13000,,,,,,13.0,,30.0,,MARSEILLE
140,13001,,4.0,19.0,14.0,1.0,1.0,17.0,36.0,16.0,MARSEILLE--1ER-ARRONDISSEMENT
141,13002,,,,1.0,10.0,,10.0,,1.0,MARSEILLE--2E--ARRONDISSEMENT
142,13003,7.0,13.0,,10.0,2.0,1.0,36.0,92.0,24.0,MARSEILLE--3E--ARRONDISSEMENT
143,13004,,,,,,,10.0,,,MARSEILLE--4E--ARRONDISSEMENT
144,13006,,,6.0,,,,,17.0,12.0,MARSEILLE--6E--ARRONDISSEMENT
145,13007,,,,,,,,3.0,,MARSEILLE--7E--ARRONDISSEMENT
146,13008,,,,,,4.0,3.0,7.0,9.0,MARSEILLE--8E--ARRONDISSEMENT
147,13009,,,,,,,1.0,4.0,6.0,MARSEILLE--9E--ARRONDISSEMENT
148,13010,,,,,,,9.0,15.0,1.0,MARSEILLE-10E--ARRONDISSEMENT
149,13011,,3.0,,12.0,,,,1.0,,MARSEILLE-11E--ARRONDISSEMENT
150,13012,,,,4.0,5.0,,,2.0,,MARSEILLE-12E--ARRONDISSEMENT
151,13013,9.0,77.0,114.0,118.0,117.0,93.0,207.0,705.0,321.0,MARSEILLE-13E--ARRONDISSEMENT
152,13014,,4.0,,1.0,,,1.0,45.0,,MARSEILLE-14E--ARRONDISSEMENT
153,13015,,,6.0,,,,,31.0,32.0,MARSEILLE-15E--ARRONDISSEMENT
154,13016,,,,,5.0,,,,,MARSEILLE-16E--ARRONDISSEMENT
155,13090,,,,,,,,,4.0,
156,13100,,,13.0,14.0,21.0,23.0,7.0,3.0,1.0,SAINT-ANTONIN-SUR-BAYON
157,13110,,,,,,4.0,,,2.0,PORT-DE-BOUC
158,13127,,,,,7.0,,3.0,25.0,2.0,VITROLLES
159,13130,,,,,,,,18.0,,BERRE-L'ETANG
160,13160,,,,2.0,,,,12.0,,CHATEAURENARD
161,13200,,12.0,,20.0,,3.0,5.0,,25.0,ARLES
162,13232,,,,,,,,1.0,,
163,13240,,,,,,,1.0,,,SEPTEMES-LES-VALLONS
164,13270,,,,5.0,,,,19.0,,FOS-SUR-MER
165,13280,,,,,2.0,,,,,
166,13300,,,,3.0,6.0,,,7.0,,SALON-DE-PROVENCE
167,13400,,19.0,10.0,3.0,2.0,,,8.0,7.0,AUBAGNE
168,13430,,,,,,,,1.0,,EYGUIERES
169,13450,,,,7.0,,,,1.0,,GRANS
170,13500,,,,3.0,,13.0,1.0,10.0,13.0,MARTIGUES
171,13530,,,,1.0,,,,13.0,,TRETS
172,13580,,,,,,,,1.0,,LA FARE-LES-OLIVIERS
173,13600,,1.0,2.0,9.0,,,2.0,1.0,,CEYRESTE
174,13680,,,,,,,,33.0,,LANCON-PROVENCE
175,13690,,,,1.0,,,,,,GRAVESON
176,13700,,,1.0,,15.0,,,14.0,,MARIGNANE
177,13710,,,,,,,,1.0,,FUVEAU
178,13770,,,,,,,,5.0,,VENELLES
179,13800,,,,,,,2.0,12.0,6.0,ISTRES
180,13870,,,,,,3.0,,,,ROGNONAS
181,13960,,,,,,,,1.0,,SAUSSET-LES-PINS
182,14000,,17.0,10.0,38.0,67.0,16.0,19.0,12.0,18.0,CAEN
183,14027,,5.0,,,,,,,,
184,14100,,,1.0,,,,,,,L'HOTELLERIE
185,14130,,,,,,2.0,,,,LE MESNIL-SUR-BLANGY
186,14200,,,,,,,,,3.0,HEROUVILLE-SAINT-CLAIR
187,14500,,,,2.0,4.0,,,,,VAUDRY
188,14670,,,,5.0,,,,,,JANVILLE
189,14710,,,,,,,25.0,,,COLLEVILLE-SUR-MER
190,14780,,,,,,,6.0,,,LION-SUR-MER
191,14800,,2.0,,,,,,,,BONNEVILLE-SUR-TOUQUES
192,15000,,,2.0,1.0,8.0,2.0,3.0,20.0,6.0,AURILLAC
193,15100,,,,,,,,,4.0,SOULAGES
194,15110,,,,2.0,,,1.0,3.0,25.0,CHAUDES-AIGUES
195,15200,,,,,,,,1.0,6.0,MEALLET
196,16000,,,,,,9.0,8.0,6.0,,ANGOULEME
197,16006,,,,,,,,2.0,,
198,16100,,,,3.0,,10.0,24.0,3.0,37.0,CHATEAUBERNARD
199,16110,,,,,,,,8.0,,LA ROCHETTE
200,16130,,,,,,,1.0,,,SAINT-PREUIL
201,16160,,,,,,,,,1.0,GOND-PONTOUVRE
202,16170,,,,,,,,,7.0,VAUX-ROUILLAC
203,16190,,1.0,,,,,,,,SALLES-LAVALETTE
204,16200,,,4.0,,,,,,,MAINXE
205,16210,,,,,,,1.0,8.0,,ORIVAL
206,16260,,,,,,,,,2.0,LES PINS
207,16270,,,,,,,4.0,,,SURIS
208,16300,,1.0,,,,,1.0,,1.0,MONTCHAUDE
209,16360,,,1.0,,,,,,,BORS (CANTON DE BAIGNES-SAINTE-RADEGONDE)
210,16370,,,,,,2.0,,,,CHERVES-RICHEMONT
211,16380,,,,,,,,1.0,,FEUILLADE
212,16400,,,,4.0,,,,,,VOEUIL-ET-GIGET
213,16500,,,1.0,,,,,,4.0,ABZAC
214,16730,,,,5.0,,,,,,TROIS-PALIS
215,16800,,17.0,5.0,,,,,,,SOYAUX
216,17000,,23.0,22.0,35.0,2.0,6.0,12.0,74.0,8.0,LA ROCHELLE
217,17100,,,,7.0,,,7.0,1.0,,FONTCOUVERTE
218,17139,,,,,,,,1.0,,DOMPIERRE-SUR-MER
219,17160,,,,,,1.0,,,,HAIMPS
220,17170,,,,,,,5.0,,,LA RONDE
221,17180,,,,,,1.0,,,,PERIGNY
222,17200,,,2.0,,,,1.0,,,SAINT-SULPICE-DE-ROYAN
223,17230,,,,,2.0,,,,,LONGEVES
224,17260,,,,,,,1.0,,,SAINT-ANDRE-DE-LIDON
225,17300,,,,2.0,,,4.0,18.0,7.0,ROCHEFORT
226,17400,,,1.0,9.0,5.0,1.0,4.0,4.0,3.0,FONTENET
227,17420,,,,,3.0,,,,,SAINT-PALAIS-SUR-MER
228,17470,,,,2.0,4.0,1.0,,,,VILLEMORIN
229,17500,,,,,3.0,,,,,LUSSAC
230,17550,,,,,12.0,1.0,10.0,,,DOLUS-D'OLERON
231,17580,,,,,,1.0,,,,LE BOIS-PLAGE-EN-RE
232,17620,,,,,1.0,,,,,CHAMPAGNE
233,17650,,,,1.0,,,,,,SAINT-DENIS-D'OLERON
234,17700,,,,,,,,9.0,,BREUIL-LA-REORTE
235,17770,,,,,,2.0,1.0,,,LE SEURE
236,18000,,,,1.0,,,,,,BOURGES
237,18022,,2.0,1.0,9.0,14.0,1.0,1.0,,9.0,
238,18100,,,,,1.0,,,,,SAINT-HILAIRE-DE-COURT
239,18120,,,,,,1.0,,,,PREUILLY
240,18200,,,,1.0,,,,,,BRUERE-ALLICHAMPS
241,18370,,,,,,8.0,,,,CHATEAUMEILLANT
242,18700,,,,,1.0,,,,,MENETREOL-SUR-SAULDRE
243,19000,,,6.0,,4.0,,1.0,,4.0,LES ANGLES-SUR-CORREZE
244,19100,,,6.0,4.0,2.0,1.0,10.0,,8.0,BRIVE-LA-GAILLARDE
245,19200,,,,,,,8.0,,1.0,SAINT-PARDOUX-LE-VIEUX
246,19240,,,,,,,1.0,,,SAINT-VIANCE
247,19600,,,,,2.0,,,,,NESPOULS
248,20000,,1.0,,1.0,4.0,1.0,,17.0,,AJACCIO
249,20090,,,,,,,,2.0,,
250,20137,,,1.0,,,,,,,PORTO-VECCHIO
251,20200,,,1.0,1.0,2.0,,1.0,4.0,,SANTA-MARIA-DI-LOTA
252,20240,,,,1.0,,,,,,POGGIO-DI-NAZZA
253,20270,1.0,,,,,,,,,TOX
254,21000,,48.0,25.0,25.0,48.0,6.0,37.0,38.0,18.0,DIJON
255,21110,,1.0,,,,,,,,PREMIERES
256,21130,,3.0,,,,,,,,TILLENAY
257,21160,,,,,,,6.0,,,PERRIGNY-LES-DIJON
258,21170,,3.0,,,,,,,,FRANXAULT
259,21200,,1.0,,,,,,2.0,,CHOREY-LES-BEAUNE
260,21270,,3.0,,,,,,,,PERRIGNY-SUR-L'OGNON
261,21370,,3.0,,,,,,,,PRENOIS
262,21400,,13.0,,,,,,,,PRUSLY-SUR-OURCE
263,21500,,,,,,,,1.0,,COURCELLES-LES-MONTBARD
264,21590,,,,4.0,,,,,,SANTENAY
265,21850,,,,,1.0,,,,,SAINT-APOLLINAIRE
266,22000,,2.0,6.0,2.0,,,,18.0,1.0,SAINT-BRIEUC
267,22100,,,,,5.0,,1.0,,,TADEN
268,22130,,1.0,,,,,,,,CORSEUL
269,22200,,,3.0,,,1.0,,,6.0,SAINT-AGATHON
270,22300,,2.0,2.0,1.0,18.0,3.0,1.0,,2.0,LANMERIN
271,22380,,,,,10.0,,,,,SAINT-CAST-LE-GUILDO
272,22400,,,,,,,1.0,,,LAMBALLE
273,22540,,1.0,,,,,,,,TREGLAMUS
274,22600,,2.0,,,,,,,,LOUDEAC
275,22700,,,,,6.0,,,,,LOUANNEC
276,23000,,5.0,,4.0,,3.0,3.0,,1.0,LA SAUNIERE
277,23220,,2.0,,,,,,,,MORTROUX
278,23800,,,,,,1.0,,,,MAISON-FEYNE
279,24000,,1.0,,,3.0,,,,1.0,PERIGUEUX
280,24100,2.0,4.0,9.0,16.0,,,1.0,4.0,22.0,LEMBRAS
281,24122,,,,,,,,2.0,,
282,24140,,,2.0,,,,,,,VILLAMBLARD
283,24200,,1.0,,,,,,,,PROISSANS
284,24230,,1.0,,,,,,,,SAINT-ANTOINE-DE-BREUILH
285,24410,,,,,,,,1.0,,LA JEMAYE
286,24470,,,,,,5.0,,,,MILHAC-DE-NONTRON
287,24490,,,,,4.0,,,,,LA ROCHE-CHALAIS
288,24510,,,,,,,1.0,,,SAINT-MARCEL-DU-PERIGORD
289,24600,,6.0,,,3.0,,,,,SAINT-MARTIN-DE-RIBERAC
290,24700,,,,,4.0,,,7.0,,SAINT-GERAUD-DE-CORPS
291,24750,,,8.0,,,,,,,TRELISSAC
292,25000,9.0,,11.0,7.0,7.0,22.0,18.0,8.0,27.0,BESANCON
293,25170,,,,4.0,,1.0,,,5.0,COURCHAPON
294,25200,,,,,,,16.0,14.0,,BETHONCOURT
295,25220,,,1.0,,,,,,,VAIRE-ARCIER
296,25300,,,2.0,,,4.0,,,,DOMMARTIN
297,25520,,,,,,,1.0,,,BIANS-LES-USIERS
298,25870,,,,,,,,1.0,,CUSSEY-SUR-L'OGNON
299,26000,,7.0,4.0,1.0,17.0,13.0,7.0,26.0,5.0,VALENCE
300,26100,,,,,,3.0,8.0,,,ROMANS-SUR-ISERE
301,26140,,,,,,18.0,,,,ALBON
302,26200,,4.0,,7.0,,2.0,1.0,10.0,,MONTELIMAR
303,26230,,,,,,1.0,,,,CHANTEMERLE-LES-GRIGNAN
304,26240,,,,1.0,,3.0,,,,CLAVEYSON
305,26300,,,,1.0,,,,,,CHARPEY
306,26400,,,,,,,5.0,,,SOYANS
307,26460,,,,,,,,,13.0,BEZAUDUN-SUR-BINE
308,26560,,,,1.0,,,,,,EYGALAYES
309,26600,,,,,1.0,,,,,EROME
310,26700,,,,,,,1.0,,5.0,PIERRELATTE
311,27000,,,,,8.0,,,4.0,,EVREUX
312,27130,,,1.0,,,,,,,COURTEILLES
313,27140,,,1.0,,,,,,,BAZINCOURT-SUR-EPTE
314,27150,,,,1.0,,,,,,LE THIL
315,27200,,,9.0,3.0,8.0,7.0,9.0,8.0,3.0,VERNON
316,27250,,,1.0,,,,,,,BOIS-ARNAULT
317,27270,,,,,,,,1.0,,LA TRINITE-DE-REVILLE
318,27300,,,,10.0,,,,,,PLAINVILLE
319,27380,,,,,,,,11.0,,FLEURY-SUR-ANDELLE
320,27480,,,12.0,,,,,,,BOSQUENTIN
321,27500,,,5.0,,,,,,,TOURVILLE-SUR-PONT-AUDEMER
322,27540,,,,,,,1.0,,,IVRY-LA-BATAILLE
323,27620,,,,6.0,,,,,,SAINTE-GENEVIEVE-LES-GASNY
324,27910,,,,,,,,5.0,,LES HOGUES
325,27950,,,,,,1.0,,,,SAINT-VINCENT-DES-BOIS
326,28000,,3.0,4.0,14.0,10.0,1.0,,15.0,5.0,CHARTRES
327,28100,,,,1.0,,1.0,6.0,18.0,1.0,DREUX
328,28130,,,,,4.0,,,,,SAINT-MARTIN-DE-NIGELLES
329,28150,,,,,,,,2.0,,MONTAINVILLE
330,28200,,2.0,,,,,,,,LANNERAY
331,28230,,,,13.0,8.0,1.0,,18.0,,DROUE-SUR-DROUETTE
332,28300,,,1.0,1.0,,,,,,CHAMPHOL
333,28330,,,,,,1.0,,,,AUTHON-DU-PERCHE
334,28400,,8.0,,,,,,,,BRUNELLES
335,28500,,,,,4.0,,,,,SAULNIERES
336,28700,,3.0,,,,,,,,ARDELU
337,29000,,,1.0,,,10.0,,2.0,14.0,QUIMPER
338,29100,,,,,1.0,,,,,KERLAZ
339,29150,,,,,,,,,9.0,CHATEAULIN
340,29200,,14.0,11.0,34.0,9.0,6.0,,32.0,24.0,BREST
341,29280,,,,,,,,,2.0,LOCMARIA-PLOUZANE
342,29300,,,,,,,3.0,1.0,2.0,MELLAC
343,29400,,,,,,,1.0,,,SAINT-SERVAIS
344,29460,,,,,4.0,,,,,DAOULAS
345,29590,,,,,,,,7.0,,LOPEREC
346,29600,,1.0,,,,1.0,,2.0,,SAINT-MARTIN-DES-CHAMPS
347,29630,,,,,3.0,,,,,PLOUGASNOU
348,29800,,,,1.0,,,,,,LA FOREST-LANDERNEAU
349,30000,,1.0,,,13.0,,,,,
350,30100,,1.0,1.0,,,10.0,,49.0,1.0,ALES
351,30120,,,,,,,,2.0,,ROGUES
352,30140,,,,,3.0,,,,,SAINT-JEAN-DU-PIN
353,30200,,,,1.0,,,,,,SAINT-ETIENNE-DES-SORTS
354,30240,,1.0,,,,,,,,LE GRAU-DU-ROI
355,30270,,,,,1.0,,,,,SAINT-JEAN-DU-GARD
356,30360,,,,,,,,3.0,,MARTIGNARGUES
357,30700,1.0,,1.0,,,,,,,MONTAREN-ET-SAINT-MEDIERS
358,30900,,3.0,,2.0,,4.0,3.0,8.0,2.0,
359,31000,1.0,25.0,7.0,18.0,5.0,,76.0,12.0,5.0,
360,31058,,,1.0,,,,,,,
361,31100,,1.0,1.0,,3.0,,,,,
362,31120,,,,,,,3.0,2.0,,PINSAGUEL
363,31200,,,,7.0,2.0,2.0,,3.0,,
364,31270,,,1.0,,,,,,,FROUZINS
365,31290,,,,,4.0,,,,,BEAUTEVILLE
366,31300,2.0,99.0,59.0,115.0,92.0,88.0,99.0,92.0,69.0,
367,31320,,,,5.0,,,,,,PECHBUSQUE
368,31390,,,,,,,,2.0,,CARBONNE
369,31400,,,1.0,2.0,,,6.0,6.0,5.0,
370,31440,,,,,,10.0,,,,LEZ
371,31450,,,,,,,,,5.0,LABASTIDE-BEAUVOIR
372,31470,,,,,,,1.0,,,BONREPOS-SUR-AUSSONNELLE
373,31480,,,,,,,,1.0,,CAUBIAC
374,31490,,,,,,1.0,,,,LEGUEVIN
375,31500,,7.0,11.0,4.0,,4.0,5.0,6.0,1.0,
376,31530,,,,,2.0,,,,,MONTAIGUT-SUR-SAVE
377,31560,,,,,1.0,,,,,SAINT-LEON
378,31600,,,,,,23.0,,6.0,,SEYSSES
379,31700,,1.0,,6.0,,14.0,16.0,,,CORNEBARRIEU
380,31703,,,,7.0,,,,1.0,,
381,31770,,,,,,,,,4.0,COLOMIERS
382,31780,,,,,,,1.0,,,CASTELGINEST
383,31800,,,2.0,18.0,,,,3.0,,MIRAMONT-DE-COMMINGES
384,31860,,,,,,,5.0,,,VILLATE
385,32000,,,2.0,7.0,3.0,,2.0,,,AUCH
386,33000,249.0,2066.0,2131.0,2299.0,1671.0,1757.0,2016.0,2372.0,1628.0,BORDEAUX
387,33045,,2.0,,,,,,,,
388,33100,,2.0,4.0,2.0,2.0,13.0,2.0,5.0,3.0,
389,33110,,,,,,,1.0,,6.0,LE BOUSCAT
390,33120,,13.0,,21.0,8.0,8.0,10.0,,,ARCACHON
391,33121,,,1.0,,,,,,,CARCANS
392,33124,,,,,,,,3.0,,BERTHEZ
393,33127,,3.0,,,,,,,,MARTIGNAS-SUR-JALLE
394,33130,11.0,30.0,,,1.0,,3.0,,26.0,BEGLES
395,33138,,5.0,,3.0,,,,,,LANTON
396,33140,,4.0,1.0,1.0,4.0,,,2.0,1.0,VILLENAVE-D'ORNON
397,33150,,64.0,14.0,61.0,57.0,23.0,22.0,11.0,8.0,CENON
398,33160,,24.0,1.0,5.0,2.0,2.0,,3.0,,SAINT-AUBIN-DE-MEDOC
399,33170,,9.0,,11.0,2.0,8.0,1.0,,4.0,GRADIGNAN
400,33185,,8.0,,1.0,,4.0,,,17.0,LE HAILLAN
401,33190,,,,,4.0,7.0,11.0,8.0,,BAGAS
402,33200,,9.0,,,2.0,,1.0,58.0,,
403,33210,,,8.0,,2.0,2.0,2.0,,38.0,CASTETS-EN-DORTHE
404,33220,,18.0,,,,,,,,PORT-SAINTE-FOY-ET-PONCHAPT
405,33230,,,,11.0,,,,,2.0,MARANSIN
406,33240,,,,,3.0,21.0,5.0,,13.0,TARNES
407,33250,,,,2.0,,5.0,,,4.0,SAINT-SAUVEUR
408,33270,,21.0,1.0,3.0,4.0,,1.0,7.0,8.0,FLOIRAC
409,33290,,12.0,6.0,1.0,,32.0,30.0,3.0,5.0,PAREMPUYRE
410,33300,3.0,49.0,107.0,39.0,35.0,35.0,38.0,31.0,32.0,
411,33310,,10.0,8.0,35.0,3.0,22.0,45.0,11.0,10.0,LORMONT
412,33320,,17.0,17.0,2.0,12.0,19.0,1.0,5.0,2.0,LE TAILLAN-MEDOC
413,33340,,,,2.0,4.0,29.0,,43.0,5.0,PRIGNAC-EN-MEDOC
414,33350,,,,2.0,,,,,,BELVES-DE-CASTILLON
415,33360,,,,4.0,,,,,,CAMBLANES-ET-MEYNAC
416,33370,,,,,,,1.0,3.0,40.0,BONNETAN
417,33380,,,1.0,,,,,,,MARCHEPRIME
418,33390,,,,,,10.0,2.0,7.0,,SAINT-GENES-DE-BLAYE
419,33400,3.0,18.0,38.0,18.0,28.0,29.0,25.0,39.0,31.0,TALENCE
420,33410,,,1.0,,,,,,,LOUPIAC
421,33430,,,4.0,2.0,,,10.0,,,GANS
422,33440,,6.0,,,6.0,,,6.0,,AMBARES-ET-LAGRAVE
423,33450,,,,,,,,7.0,3.0,MONTUSSAN
424,33470,,1.0,,8.0,,,2.0,,,LE TEICH
425,33480,,,,4.0,,,,,,CASTELNAU-DE-MEDOC
426,33490,,,,,1.0,,,,,SAINT-PIERRE-D'AURILLAC
427,33500,4.0,18.0,48.0,32.0,4.0,25.0,25.0,45.0,59.0,NEAC
428,33510,,5.0,,,,12.0,,,,ANDERNOS-LES-BAINS
429,33520,,2.0,,7.0,,1.0,12.0,2.0,6.0,BRUGES
430,33530,2.0,,,2.0,2.0,,,2.0,,BASSENS
431,33540,,,,,,,,,1.0,SAINT-MARTIN-DE-LERM
432,33550,,,4.0,,,,,,,VILLENAVE-DE-RIONS
433,33560,,3.0,,,,,,3.0,,SAINTE-EULALIE
434,33580,,,,,,,9.0,4.0,,COURS-DE-MONSEGUR
435,33590,,,,,,1.0,,,,SAINT-VIVIEN-DE-MEDOC
436,33600,,5.0,,3.0,,,,2.0,,PESSAC
437,33607,,13.0,11.0,8.0,14.0,4.0,11.0,19.0,19.0,
438,33610,,,,,,,,3.0,,CESTAS
439,33620,,,,,,,,,1.0,MARSAS
440,33640,,,,,,,2.0,1.0,,CASTRES-GIRONDE
441,33650,,,,3.0,,,2.0,,,LA BREDE
442,33670,,10.0,5.0,,,,2.0,,2.0,MADIRAC
443,33680,,16.0,,,,,2.0,,,LE TEMPLE
444,33700,,19.0,83.0,20.0,53.0,35.0,36.0,33.0,60.0,MERIGNAC
445,33710,,,,,,,,,2.0,PUGNAC
446,33720,,4.0,,,,,,,,GUILLOS
447,33740,,,,,,1.0,,,,ARES
448,33750,,,,,,3.0,,,,BEYCHAC-ET-CAILLAU
449,33760,,,,,,,,3.0,3.0,BELLEBAT
450,33770,,,,5.0,,,,,,SALLES
451,33780,,,,,,1.0,,,,SOULAC-SUR-MER
452,33800,5.0,26.0,31.0,43.0,29.0,37.0,87.0,53.0,64.0,
453,33810,,,,,,,2.0,12.0,,AMBES
454,33830,,,,3.0,,,,,,BELIN-BELIET
455,33850,,,4.0,4.0,,,,,,LEOGNAN
456,33880,,,,,,,1.0,,,SAINT-CAPRAIS-DE-BORDEAUX
457,33910,,,,,,,,,3.0,SAINT-MARTIN-DU-BOIS
458,33920,,,,,,,,,3.0,SAINT-SAVIN
459,33950,,,,1.0,,,,,,LEGE-CAP-FERRET
460,34000,,,11.0,15.0,3.0,18.0,16.0,5.0,8.0,MONTPELLIER
461,34070,,52.0,29.0,31.0,59.0,41.0,85.0,119.0,122.0,
462,34080,,,,,,,6.0,,4.0,
463,34090,,,,,,,3.0,8.0,,
464,34110,,,,,,,,1.0,,VIC-LA-GARDIOLE
465,34120,,,1.0,,,,2.0,,,TOURBES
466,34130,,,1.0,,,,,,,LANSARGUES
467,34170,,,,,,,4.0,3.0,,CASTELNAU-LE-LEZ
468,34190,,,,,,,,1.0,,MOULES-ET-BAUCELS
469,34200,,,,,,,2.0,,4.0,SETE
470,34230,,,,14.0,,,,,,POUZOLS
471,34250,,,,,,,,24.0,,PALAVAS-LES-FLOTS
472,34270,,,,,,,,4.0,,LAURET
473,34290,,,,,,,,,1.0,MONTBLANC
474,34300,13.0,1.0,,,1.0,10.0,,,,AGDE
475,34380,,,,7.0,,,,,,ARGELLIERS
476,34400,,,,,,,,2.0,,SAINT-NAZAIRE-DE-PEZAN
477,34500,,7.0,5.0,,,4.0,11.0,16.0,5.0,BEZIERS
478,34830,,,,,,,1.0,,,CLAPIERS
479,34970,,1.0,,,,,8.0,,,LATTES
480,35000,,22.0,4.0,9.0,1.0,,1.0,28.0,2.0,RENNES
481,35005,,,,,,2.0,,,2.0,
482,35131,,,,,,1.0,,,,CHARTRES-DE-BRETAGNE
483,35133,,1.0,,,,,,,,LANDEAN
484,35150,,,1.0,,,,1.0,,,ESSE
485,35160,,1.0,,,,,,,,BRETEIL
486,35200,3.0,43.0,59.0,54.0,19.0,44.0,63.0,60.0,52.0,
487,35220,,6.0,,,,,,,,CHATEAUBOURG
488,35270,,,,,,,,2.0,,SAINT-LEGER-DES-PRES
489,35330,,,,1.0,,,,,,BOVEL
490,35340,,,,1.0,,,,,,ERCE-PRES-LIFFRE
491,35370,,,,,,,,2.0,,GENNES-SUR-SEICHE
492,35400,,15.0,5.0,,12.0,12.0,,6.0,2.0,SAINT-MALO
493,35410,,,,,,,,2.0,,DOMLOUP
494,35440,,,,2.0,3.0,,,,,MONTREUIL-SUR-ILLE
495,35500,,,1.0,,,,3.0,,,TAILLIS
496,35520,,4.0,,3.0,,,,,,LA MEZIERE
497,35600,6.0,2.0,,,,,,9.0,19.0,SAINTE-MARIE
498,35700,,,9.0,,16.0,4.0,,9.0,,
499,35720,1.0,,,,,,,,,PLEUGUENEUC
500,35800,,,,2.0,,7.0,1.0,9.0,,DINARD
501,36000,,9.0,20.0,2.0,4.0,23.0,135.0,114.0,150.0,CHATEAUROUX
502,36100,,,6.0,,,14.0,4.0,3.0,,BRIVES
503,36120,,,,,,,,2.0,,AMBRAULT
504,36130,,,1.0,,,,,,,MONTIERCHAUME
505,36150,,,,,,,4.0,3.0,,BUXEUIL
506,36200,,,,,,,,4.0,,SAINT-MARCEL
507,36250,,,,,,,,8.0,,SAINT-MAUR
508,36300,,,,,,,2.0,6.0,7.0,CIRON
509,36400,,,2.0,,,,,1.0,1.0,VICQ-EXEMPLET
510,36600,,,,,,,4.0,,2.0,VEUIL
511,36700,,,,,,,6.0,,,LE TRANGER
512,37000,1.0,39.0,27.0,39.0,12.0,74.0,31.0,25.0,23.0,
513,37100,,1.0,1.0,,,,,2.0,,
514,37120,,,,,,,,3.0,,BRASLOU
515,37130,,,,,,,2.0,,,LANGEAIS
516,37170,,,,,,1.0,,,,CHAMBRAY-LES-TOURS
517,37190,,,,,,1.0,,,,DRUYE
518,37200,,,,,,,,1.0,,
519,37210,,,,2.0,,,,2.0,,CHANCAY
520,37300,,,,,,1.0,7.0,,,JOUE-LES-TOURS
521,37400,,,,1.0,,,,,,LUSSAULT-SUR-LOIRE
522,37540,,,,,,,,,1.0,SAINT-CYR-SUR-LOIRE
523,37700,,,,3.0,,,,,,SAINT-PIERRE-DES-CORPS
524,38000,,1.0,59.0,6.0,,15.0,3.0,5.0,9.0,
525,38100,4.0,14.0,58.0,19.0,36.0,49.0,17.0,25.0,78.0,
526,38110,,,,,,,,1.0,,MONTAGNIEU
527,38130,,,,,,1.0,,,,ECHIROLLES
528,38160,,,,9.0,4.0,,,,,SAINT-MARCELLIN
529,38230,,,,,6.0,,1.0,11.0,,CHARVIEU-CHAVAGNEUX
530,38300,,,,1.0,,,,2.0,,CRACHIER
531,38360,,,,,,,,2.0,,SASSENAGE
532,38370,,,,,,,,3.0,,SAINT-PRIM
533,38380,,,7.0,,,,,,,SAINT-LAURENT-DU-PONT
534,38400,,,,,,9.0,,1.0,,SAINT-MARTIN-D'HERES
535,38460,,,,2.0,,,,,,VEYSSILIEU
536,38500,,,1.0,,,,,7.0,1.0,VOIRON
537,38510,,,1.0,,,,,,,VEZERONCE-CURTIN
538,38530,,13.0,,,,,,,,SAINT-MAXIMIN
539,38600,,,,,1.0,,,3.0,,FONTAINE
540,38620,,,,,,,,,1.0,VOISSANT
541,38630,,,,,,1.0,,,,CORBELIN
542,39000,,,,13.0,3.0,,,4.0,,LONS-LE-SAUNIER
543,39100,,2.0,,2.0,,1.0,,10.0,1.0,SAMPANS
544,39300,,,2.0,,,,,,,LE LARDERET
545,40000,,,4.0,15.0,6.0,,7.0,,12.0,MONT-DE-MARSAN
546,40100,,,1.0,5.0,5.0,,5.0,8.0,,DAX
547,40130,,,,,,4.0,,,,CAPBRETON
548,40210,,,,,,,,,4.0,LABOUHEYRE
549,40230,,,,,,3.0,,,,SAUBRIGUES
550,40400,,,,,,,,16.0,,BEGAAR
551,40500,,,1.0,,,,,,,COUDURES
552,40600,,,,,1.0,,,,2.0,BISCARROSSE
553,40990,,6.0,1.0,,,,,,1.0,MEES
554,41000,,1.0,10.0,7.0,2.0,5.0,19.0,4.0,15.0,VILLERBON
555,41100,,,,,,12.0,,,4.0,MESLAY
556,41200,,,12.0,,,,1.0,,,MILLANCAY
557,41250,,1.0,,,,,,,,MASLIVES
558,41300,,,8.0,,,,,,,PIERREFITTE-SUR-SAULDRE
559,41330,,,,,,,1.0,,,FOSSE
560,41700,,,,,,,3.0,,,COUR-CHEVERNY
561,42000,,11.0,,,5.0,2.0,5.0,41.0,7.0,
562,42100,,,,,,,5.0,,,
563,42130,,1.0,1.0,,,,,,,LEIGNEUX
564,42240,,,,32.0,,,,,,UNIEUX
565,42300,1.0,1.0,2.0,10.0,4.0,,2.0,,4.0,ROANNE
566,42530,,,,1.0,,,,,,SAINT-GENEST-LERPT
567,42600,,,,,5.0,,,,,CHALAIN-LE-COMTAL
568,42700,,,45.0,48.0,,,,,28.0,FIRMINY
569,42800,,,,,,,2.0,,,TARTARAS
570,43100,,,,2.0,,,,,,LUBILHAC
571,43340,,,,,,1.0,,,,SAINT-HAON
572,44000,1.0,24.0,131.0,40.0,9.0,29.0,61.0,229.0,64.0,NANTES
573,44032,,,,,,1.0,,,,
574,44036,,,,,,,1.0,,,
575,44041,,6.0,3.0,15.0,6.0,18.0,1.0,27.0,,
576,44100,78.0,863.0,1343.0,1774.0,1295.0,781.0,1593.0,1472.0,820.0,
577,44110,,8.0,14.0,,1.0,2.0,2.0,,1.0,CHATEAUBRIANT
578,44115,,,3.0,,2.0,,,,,BASSE-GOULAINE
579,44116,,,,2.0,,,,,,VIEILLEVIGNE
580,44119,,2.0,,,,,,,,GRANDCHAMPS-DES-FONTAINES
581,44120,,,1.0,1.0,,3.0,1.0,1.0,16.0,VERTOU
582,44130,,7.0,3.0,,,,2.0,,2.0,FAY-DE-BRETAGNE
583,44140,,,,,1.0,9.0,,,,AIGREFEUILLE-SUR-MAINE
584,44150,,1.0,2.0,,,,10.0,3.0,9.0,ANETZ
585,44160,,,,,,,3.0,4.0,1.0,CROSSAC
586,44170,,,,1.0,6.0,,,,,TREFFIEUX
587,44190,,4.0,3.0,,15.0,6.0,5.0,10.0,1.0,GETIGNE
588,44200,,9.0,12.0,1.0,5.0,5.0,40.0,9.0,66.0,
589,44210,,,,2.0,1.0,,,7.0,,PORNIC
590,44230,,6.0,,3.0,1.0,22.0,1.0,,,SAINT-SEBASTIEN-SUR-LOIRE
591,44240,,11.0,1.0,10.0,,3.0,11.0,6.0,3.0,SUCE-SUR-ERDRE
592,44250,,,,2.0,3.0,1.0,17.0,3.0,,SAINT-BREVIN-LES-PINS
593,44260,,,,3.0,,1.0,,,2.0,LA CHAPELLE-LAUNAY
594,44270,,,,,,,17.0,,,PAULX
595,44300,,40.0,17.0,42.0,10.0,17.0,13.0,18.0,11.0,
596,44305,,,,,,,,2.0,,
597,44330,,,,1.0,15.0,,2.0,,5.0,VALLET
598,44340,,3.0,4.0,1.0,3.0,,2.0,12.0,1.0,BOUGUENAIS
599,44346,,2.0,1.0,2.0,,8.0,5.0,7.0,,
600,44350,5.0,,,2.0,,,4.0,1.0,1.0,GUERANDE
601,44360,,,,1.0,,,1.0,,,VIGNEUX-DE-BRETAGNE
602,44370,,,,,,2.0,1.0,,,LA CHAPELLE-SAINT-SAUVEUR
603,44380,,,,,,,,10.0,,PORNICHET
604,44390,,,,1.0,1.0,,,,,LES TOUCHES
605,44400,,2.0,,10.0,,5.0,6.0,2.0,,REZE
606,44410,,1.0,,2.0,,,,,,LA CHAPELLE-DES-MARAIS
607,44420,1.0,,,2.0,,,2.0,,1.0,LA TURBALLE
608,44430,10.0,5.0,,,3.0,,,,,LA REMAUDIERE
609,44450,,,,,,,1.0,3.0,2.0,BARBECHAT
610,44470,,2.0,,8.0,1.0,,,1.0,,CARQUEFOU
611,44480,,,,5.0,,,11.0,,,DONGES
612,44500,1.0,,,1.0,3.0,,,5.0,,LA BAULE-ESCOUBLAC
613,44510,1.0,,,,,,,,,LE POULIGUEN
614,44530,,1.0,3.0,,,,,,,SEVERAC
615,44540,,,,,,,,2.0,,SAINT-MARS-LA-JAILLE
616,44550,,,,,1.0,,,,,MONTOIR-DE-BRETAGNE
617,44570,1.0,,,,,,3.0,,,TRIGNAC
618,44590,,2.0,,,,,,,,SION-LES-MINES
619,44600,13.0,23.0,112.0,114.0,80.0,49.0,62.0,48.0,117.0,SAINT-NAZAIRE
620,44640,1.0,,,2.0,1.0,,,,,LE PELLERIN
621,44680,,,,,7.0,,,1.0,,SAINT-HILAIRE-DE-CHALEONS
622,44700,,14.0,3.0,8.0,,,,1.0,,ORVAULT
623,44730,,,,,,,,,1.0,SAINT-MICHEL-CHEF-CHEF
624,44740,,,,,,,,,1.0,BATZ-SUR-MER
625,44780,,,,,,,,3.0,,MISSILLAC
626,44800,4.0,7.0,7.0,23.0,19.0,9.0,,15.0,7.0,SAINT-HERBLAIN
627,44830,,,2.0,,15.0,,,5.0,,BRAINS
628,44840,,,,,,,,13.0,,LES SORINIERES
629,44850,,,,,,,2.0,,,MOUZEIL
630,44860,,,,,2.0,,,2.0,2.0,SAINT-AIGNAN-GRANDLIEU
631,44880,,1.0,,1.0,,,6.0,,,SAUTRON
632,44980,,12.0,10.0,7.0,3.0,,10.0,1.0,3.0,SAINTE-LUCE-SUR-LOIRE
633,45000,,,5.0,1.0,,7.0,,10.0,5.0,
634,45041,,,,,,,3.0,,,
635,45043,,,,,5.0,,,,,
636,45100,,,,,,,13.0,,,
637,45140,,,,1.0,,,9.0,,13.0,SAINT-JEAN-DE-LA-RUELLE
638,45200,,,16.0,1.0,,3.0,,,3.0,AMILLY
639,45230,,,2.0,,,,,,,LA CHAPELLE-SUR-AVEYRON
640,45300,,,,7.0,4.0,12.0,,,,MARSAINVILLIERS
641,45340,,,,2.0,,,,,,SAINT-LOUP-DES-VIGNES
642,45370,,,,,,,,1.0,,MAREAU-AUX-PRES
643,45410,,,,,,,1.0,,,BUCY-LE-ROI
644,45490,,,,1.0,,,,,,SCEAUX-DU-GATINAIS
645,45500,,,20.0,1.0,,,1.0,4.0,8.0,SAINT-GONDON
646,45600,,1.0,,,,,,,,GUILLY
647,46000,,,,1.0,,,,,,CAHORS
648,46100,,,,1.0,,,,3.0,,FOURMAGNAC
649,47000,,9.0,3.0,11.0,,1.0,6.0,16.0,1.0,AGEN
650,47160,,,,1.0,,,,,,SAINT-PIERRE-DE-BUZET
651,47200,,1.0,,,2.0,,7.0,1.0,,MONTPOUILLAN
652,47300,,3.0,,3.0,,,4.0,,,LEDAT
653,47360,,,,,,,,1.0,,COURS
654,47600,,1.0,,,,,,4.0,,FRANCESCAS
655,48100,,,,,,,,9.0,,CHIRAC
656,48200,,1.0,,,,,,,,LA FAGE-SAINT-JULIEN
657,48400,,,,,,,,1.0,,ROUSSES
658,49000,,,,,,7.0,,4.0,4.0,ECOUFLANT
659,49045,,,,1.0,,,,,,
660,49100,,3.0,11.0,28.0,6.0,30.0,25.0,41.0,39.0,
661,49220,,,,3.0,,,,,,THORIGNE-D'ANJOU
662,49260,,,1.0,,1.0,,,,,BREZE
663,49300,,4.0,,,13.0,,7.0,10.0,,CHOLET
664,49390,,1.0,,,,,,,,VERNANTES
665,49400,,2.0,,5.0,6.0,,1.0,1.0,,SAUMUR
666,49450,,,,1.0,,,,,,ROUSSAY
667,49490,,,,,,3.0,,1.0,,MEON
668,49600,,,,4.0,,,,,,LA CHAUSSAIRE
669,50000,,18.0,,14.0,13.0,,,,6.0,LE MESNIL-ROUXELIN
670,50100,,,2.0,3.0,1.0,,,,4.0,
671,50170,,,,,,,1.0,,,BEAUVOIR
672,50200,,,1.0,,,,,,,NICORPS
673,50300,,,4.0,,,5.0,13.0,,5.0,VAINS
674,50340,,,8.0,,8.0,,,,,SOTTEVILLE
675,50530,,,,8.0,,,5.0,,,LA ROCHELLE-NORMANDE
676,50750,,,,,1.0,,,,,SOULLES
677,50890,,,,,3.0,,,,,CONDE-SUR-VIRE
678,51000,,11.0,,3.0,,16.0,5.0,,,CHALONS-EN-CHAMPAGNE
679,51100,3.0,3.0,14.0,13.0,23.0,36.0,22.0,27.0,13.0,REIMS
680,51200,,,,2.0,,,1.0,,,EPERNAY
681,51420,,,,,,,,9.0,,BERRU
682,51530,,,1.0,,,,,,,CHOUILLY
683,51700,,,,,4.0,4.0,,,,IGNY-COMBLIZY
684,51800,,,,,,2.0,,,,BERZIEUX
685,52000,,2.0,,3.0,,,6.0,16.0,1.0,TREIX
686,52100,,,,,5.0,8.0,,,,MOESLAINS
687,52160,,,,,,1.0,1.0,,,ROUVRES-SUR-AUBE
688,52200,,,7.0,,,,,,,SAINTS-GEOSMES
689,53000,,4.0,12.0,,,,4.0,11.0,2.0,LAVAL
690,53100,,,,2.0,4.0,,12.0,6.0,,SAINT-GEORGES-BUTTAVENT
691,53200,,,,1.0,,,,,,MENIL
692,53640,,,,,,,,3.0,,LE HORPS
693,53700,,,,,,2.0,1.0,,,VILLAINES-LA-JUHEL
694,54000,7.0,20.0,31.0,33.0,15.0,26.0,29.0,13.0,6.0,NANCY
695,54150,,,,,,8.0,,,,OZERAILLES
696,54240,,,,,,,2.0,,,JOEUF
697,54260,,,,,3.0,,,,,VILLETTE
698,54280,,,,,9.0,,,,,SEICHAMPS
699,54300,,,,6.0,,,,2.0,,JOLIVET
700,54370,,,,6.0,,,,,,MAIXE
701,54400,,6.0,,3.0,,,,,2.0,COSNES-ET-ROMAIN
702,54520,,,,,,,,4.0,,LAXOU
703,54660,,,,,,1.0,,,,MOUTIERS
704,55000,,,,,2.0,,8.0,,,RUMONT
705,55100,,,,,1.0,5.0,5.0,,3.0,MARRE
706,55190,,,,,,,1.0,,,TROUSSEY
707,55400,,,,,2.0,,,,,BUZY-DARMONT
708,55430,,,,2.0,,,,,,BELLEVILLE-SUR-MEUSE
709,55500,,,,,,4.0,,,,SAINT-AMAND-SUR-ORNAIN
710,56000,,14.0,2.0,27.0,2.0,8.0,16.0,6.0,13.0,VANNES
711,56100,5.0,1.0,3.0,10.0,1.0,2.0,,,14.0,LORIENT
712,56130,,,3.0,,,,,,,LA ROCHE-BERNARD
713,56140,,,,,,,,3.0,,RUFFIAC
714,56300,,,,,,,,,1.0,PONTIVY
715,56340,,4.0,,2.0,5.0,,,20.0,,PLOUHARNEL
716,56350,,,,8.0,2.0,,,,,SAINT-JEAN-LA-POTERIE
717,56400,,,3.0,5.0,13.0,,,,,AURAY
718,56430,,2.0,,2.0,,,,2.0,,NEANT-SUR-YVEL
719,56440,,3.0,2.0,,,,,,,LANGUIDIC
720,56700,,,,,,4.0,,,,HENNEBONT
721,56800,,,,3.0,,,,3.0,,AUGAN
722,56870,,,,,,,1.0,,,LARMOR-BADEN
723,56910,,,,,1.0,,,,,CARENTOIR
724,57000,,42.0,1.0,16.0,25.0,29.0,25.0,15.0,13.0,
725,57100,,,,,,,,,3.0,MANOM
726,57140,,,,,1.0,,,,,LA MAXE
727,57160,,,,,,,,2.0,,LESSY
728,57200,,,,,,,12.0,,,SARREGUEMINES
729,57280,,,,,,,4.0,,,MAIZIERES-LES-METZ
730,57300,,,,1.0,,,,,,TREMERY
731,57320,,,,2.0,,,1.0,,,COLMEN
732,57330,,,,,,,,1.0,,ESCHERANGE
733,57370,,,,13.0,,,,,,SAINT-JEAN-KOURTZERODE
734,57380,,,,5.0,,,,,,GUESSLING-HEMERING
735,57400,,,,,1.0,6.0,,,6.0,SCHNECKENBUSCH
736,57412,,,2.0,,,,,,,ACHEN
737,57470,,,,,,,,16.0,,GUENVILLER
738,57600,,,,4.0,,,2.0,,,FORBACH
739,57650,,3.0,,,,,,,,LOMMERANGE
740,57800,,,1.0,3.0,,,8.0,,,ROSBRUCK
741,57970,,,,,,,5.0,,,YUTZ
742,58000,,,,2.0,1.0,2.0,,1.0,,SAINT-ELOI
743,58200,,,,6.0,,,,,,ALLIGNY-COSNE
744,58300,,,,1.0,,,,,,SAINT-LEGER-DES-VIGNES
745,59000,4.0,47.0,88.0,143.0,73.0,70.0,132.0,127.0,106.0,LILLE
746,59100,,18.0,,17.0,1.0,16.0,22.0,8.0,3.0,ROUBAIX
747,59115,,,,,,,,,1.0,LEERS
748,59122,,,,,,,2.0,,,LES MOERES
749,59128,,,,,,,3.0,,,FLERS-EN-ESCREBIEUX
750,59129,,,,,,,3.0,,,AVESNES-LES-AUBERT
751,59136,,,,,,,,2.0,,WAVRIN
752,59139,,,,,,3.0,,,,NOYELLES-LES-SECLIN
753,59140,,49.0,9.0,7.0,2.0,,1.0,5.0,7.0,
754,59150,,1.0,,,,,,,2.0,WATTRELOS
755,59160,,,2.0,,,,,,,CAPINGHEM
756,59190,,,,,,,,,31.0,PRADELLES
757,59200,,,9.0,7.0,,8.0,8.0,,9.0,TOURCOING
758,59234,,,,1.0,,,,,,MONCHECOURT
759,59239,,,,,,,,1.0,,LA NEUVILLE
760,59270,,,,,3.0,,,,,GODEWAERSVELDE
761,59280,,,,,,,,5.0,,ARMENTIERES
762,59300,,2.0,1.0,31.0,6.0,2.0,,17.0,,AULNOY-LEZ-VALENCIENNES
763,59400,,,,14.0,,1.0,,,,NIERGNIES
764,59470,,,,,,2.0,,,,LEDRINGHEM
765,59490,,,11.0,,,,,,,BRUILLE-LEZ-MARCHIENNES
766,59494,,,,17.0,,,,,,PETITE-FORET
767,59500,,7.0,8.0,,21.0,,21.0,1.0,12.0,DOUAI
768,59510,,,,,,,4.0,,,FOREST-SUR-MARQUE
769,59530,,,,22.0,,,,,,POTELLE
770,59540,,,,,1.0,,,,,BEAUMONT-EN-CAMBRESIS
771,59552,,,,,,,1.0,,,COURCHELETTES
772,59600,,,,,1.0,,,1.0,,BERSILLIES
773,59650,,,,,,,,1.0,2.0,
774,59700,,,,,1.0,,,,,MARCQ-EN-BAROEUL
775,59760,,,2.0,,,1.0,,,,GRANDE-SYNTHE
776,59777,,,,,,5.0,,24.0,4.0,
777,59800,,,,,4.0,25.0,,1.0,,
778,59870,,,,,,,2.0,,,BOUVIGNIES
779,59880,,,,,,,1.0,,,SAINT-SAULVE
780,59910,,,,,,,,1.0,,BONDUES
781,60000,,15.0,2.0,11.0,1.0,2.0,3.0,7.0,11.0,TILLE
782,60100,,1.0,1.0,5.0,3.0,37.0,,3.0,8.0,CREIL
783,60110,,,,,7.0,,9.0,1.0,,LORMAISON
784,60140,,18.0,,,,,,,,LIANCOURT
785,60160,,,,,,,,1.0,,THIVERNY
786,60200,,9.0,9.0,16.0,9.0,27.0,3.0,1.0,11.0,COMPIEGNE
787,60260,,,1.0,,,,,,,LAMORLAYE
788,60300,,,,,,,2.0,5.0,,BARON
789,60400,,,,,,,14.0,,11.0,PORQUERICOURT
790,60500,,,,,,,,1.0,,VINEUIL-SAINT-FIRMIN
791,60608,,4.0,,,,,,,,
792,60690,,,,1.0,,,,,,ROY-BOISSY
793,61000,,3.0,,,,,,,,ALENCON
794,61100,,,,,,2.0,,,,LA SELLE-LA-FORGE
795,61110,,1.0,,,,,,,,COULONGES-LES-SABLONS
796,61130,,,,,,,,4.0,,SERIGNY
797,61200,,,2.0,,,,,,,SEVIGNY
798,61220,,,,,,1.0,,,,BRIOUZE
799,61230,,,1.0,,,,,,,LE SAP-ANDRE
800,61240,,,,,,1.0,,,,LES AUTHIEUX-DU-PUITS
801,61300,,,4.0,,,,,,,SAINT-SYMPHORIEN-DES-BRUYERES
802,62000,,,8.0,15.0,,32.0,9.0,,5.0,ARRAS
803,62100,2.0,6.0,6.0,13.0,4.0,2.0,9.0,2.0,,CALAIS
804,62120,,,,1.0,,,,,,LINGHEM
805,62130,,,,1.0,,,,,,GAUCHIN-VERLOINGT
806,62153,,,1.0,,,,,1.0,,SOUCHEZ
807,62155,,,,,,4.0,,,,MERLIMONT
808,62160,,,19.0,,,,14.0,,17.0,GRENAY
809,62164,,,,,3.0,,,,,AUDRESSELLES
810,62190,,,,6.0,,,,,,AMES
811,62200,,6.0,,23.0,1.0,,2.0,,,BOULOGNE-SUR-MER
812,62220,,,1.0,,,,,,,CARVIN
813,62280,,,,7.0,,,,,,SAINT-MARTIN-BOULOGNE
814,62300,,,4.0,1.0,3.0,,19.0,4.0,,ELEU-DIT-LEAUWETTE
815,62330,,,,,,,3.0,,,GUARBECQUE
816,62400,,,,,,3.0,,,,ESSARS
817,62410,,,,,,,3.0,,,WINGLES
818,62500,,1.0,,1.0,,5.0,,,,SAINT-MARTIN-AU-LAERT
819,62600,,,7.0,4.0,,9.0,26.0,2.0,,GROFFLIERS
820,62800,,,,,,,1.0,2.0,,LIEVIN
821,62880,,,,,,,2.0,,,PONT-A-VENDIN
822,62990,,,,,5.0,,,,,BEAURAINVILLE
823,63000,,3.0,23.0,19.0,41.0,19.0,38.0,170.0,124.0,CLERMONT-FERRAND
824,63100,,,,,,,,1.0,,
825,63110,,,2.0,,,,,,2.0,BEAUMONT
826,63122,,1.0,,,,,,,,SAINT-GENES-CHAMPANELLE
827,63160,,,,,,,,4.0,3.0,MAUZUN
828,63190,,,,,,,1.0,,,BORT-L'ETANG
829,63200,,,,,,,6.0,,,MARSAT
830,63300,,,,6.0,,,,3.0,,DORAT
831,63420,,,,,,,2.0,,,ARDES
832,63510,,,,,,1.0,,,,AULNAT
833,63600,,,3.0,,,,,,,SAINT-FERREOL-DES-COTES
834,63800,,,,,,,,1.0,,LA ROCHE-NOIRE
835,63870,,,,,,,1.0,5.0,1.0,ORCINES
836,64000,,6.0,7.0,8.0,26.0,,6.0,16.0,,PAU
837,64100,,10.0,3.0,36.0,,24.0,16.0,15.0,28.0,BAYONNE
838,64140,,,,,,,,11.0,,LONS
839,64200,,1.0,11.0,5.0,,5.0,2.0,,,BASSUSSARRY
840,64210,,,2.0,,,,,,,ARBONNE
841,64250,,,,,,,3.0,,,CAMBO-LES-BAINS
842,64400,,,,2.0,,1.0,,,,ESTOS
843,64500,,,,,,1.0,,,,SAINT-JEAN-DE-LUZ
844,64570,,,,2.0,,,,,,ANCE
845,64700,,,,,3.0,,14.0,,2.0,HENDAYE
846,64800,,,,,,,,1.0,,LESTELLE-BETHARRAM
847,65000,,,,3.0,,,,29.0,,TARBES
848,65100,,,,,,,1.0,,,JARRET
849,65130,,,,,,,,1.0,,TILHOUSE
850,65150,,,,,,,,2.0,,NISTOS
851,65200,,,,,,,,,1.0,GERDE
852,65300,,,4.0,,,,,,,CAMPISTROUS
853,65700,,2.0,,,,,,,,LAFITOLE
854,66000,,,23.0,25.0,7.0,34.0,2.0,1.0,,
855,66100,,,,4.0,,,,,,
856,66200,,,,,,10.0,,,51.0,THEZA
857,66670,,,,4.0,,,,,,BAGES
858,66690,,,8.0,,,,,,,SOREDE
859,67000,165.0,1354.0,1582.0,1640.0,1614.0,1572.0,2114.0,2278.0,1518.0,STRASBOURG
860,67076,,,,1.0,,,,,,
861,67081,,,,,,51.0,,4.0,,
862,67100,,20.0,26.0,50.0,22.0,21.0,40.0,103.0,18.0,
863,67110,,,3.0,,,,2.0,1.0,,NIEDERBRONN-LES-BAINS
864,67116,,3.0,,,,1.0,,,,REICHSTETT
865,67118,,,,,2.0,3.0,,,,GEISPOLSHEIM
866,67120,,,5.0,,7.0,5.0,,1.0,1.0,ERNOLSHEIM-BRUCHE
867,67140,,,,,,12.0,,,5.0,ZELLWILLER
868,67150,,2.0,,,,2.0,1.0,,1.0,SCHAEFFERSHEIM
869,67170,,,2.0,,,,4.0,,,DONNENHEIM
870,67190,,,,,,2.0,,,,MOLLKIRCH
871,67200,6.0,26.0,146.0,49.0,19.0,40.0,25.0,22.0,12.0,
872,67201,,,10.0,,3.0,,,1.0,,ECKBOLSHEIM
873,67210,,,,4.0,,,2.0,,3.0,GOXWILLER
874,67230,,,,3.0,,,,14.0,1.0,DIEBOLSHEIM
875,67240,,,,3.0,,,,,,SCHIRRHEIN
876,67250,,,,2.0,,,,,,HUNSPACH
877,67300,,18.0,4.0,4.0,18.0,9.0,31.0,26.0,10.0,SCHILTIGHEIM
878,67310,,,,,,,,,2.0,RANGEN
879,67330,,,,,,6.0,4.0,,,OBERSOULTZBACH
880,67340,,3.0,,,,,,,,INGWILLER
881,67350,,1.0,,,,,1.0,,,KINDWILLER
882,67380,4.0,6.0,,4.0,28.0,2.0,,,1.0,LINGOLSHEIM
883,67400,1.0,10.0,,17.0,16.0,1.0,7.0,23.0,3.0,ILLKIRCH-GRAFFENSTADEN
884,67430,,,,,2.0,,,,,DEHLINGEN
885,67450,,,,1.0,1.0,,,9.0,2.0,LAMPERTHEIM
886,67460,,,,,,9.0,,1.0,,SOUFFELWEYERSHEIM
887,67490,,,,,3.0,,,,,FRIEDOLSHEIM
888,67500,,7.0,30.0,1.0,,4.0,5.0,15.0,3.0,WEITBRUCH
889,67540,4.0,1.0,3.0,3.0,26.0,,4.0,,2.0,OSTWALD
890,67550,,,,,,,1.0,,,VENDENHEIM
891,67580,,,,,,6.0,,,,LAUBACH
892,67600,,2.0,5.0,3.0,7.0,2.0,,33.0,3.0,BINDERNHEIM
893,67700,,,,,1.0,,10.0,6.0,14.0,ECKARTSWILLER
894,67800,,,2.0,5.0,,2.0,1.0,3.0,8.0,HOENHEIM
895,67860,,,,1.0,,,,,,RHINAU
896,68000,,8.0,2.0,2.0,1.0,4.0,2.0,11.0,14.0,COLMAR
897,68100,,4.0,11.0,9.0,33.0,14.0,16.0,43.0,4.0,
898,68128,,1.0,,,,,,,,ROSENAU
899,68130,,,,,4.0,,,,,EMLINGEN
900,68200,,,,4.0,,,1.0,,,
901,68270,,,,2.0,,,,,,RUELISHEIM
902,68300,,,1.0,,,,,,,SAINT-LOUIS
903,68320,,,,,,,,1.0,,DURRENENTZEN
904,68500,,1.0,,,,,,,,HARTMANNSWILLER
905,68630,,,,,,3.0,,,,MITTELWIHR
906,68700,,,,3.0,,,,,,MICHELBACH
907,68850,,,,,,1.0,,,,STAFFELFELDEN
908,69000,,,3.0,,,3.0,,,,
909,69001,,,4.0,,,,,,,LYON--1ER-ARRONDISSEMENT
910,69002,,,34.0,,8.0,21.0,13.0,14.0,,LYON--2E--ARRONDISSEMENT
911,69003,,4.0,41.0,25.0,10.0,12.0,15.0,52.0,10.0,LYON--3E--ARRONDISSEMENT
912,69004,,8.0,5.0,,3.0,4.0,,,,LYON--4E--ARRONDISSEMENT
913,69005,,,,,5.0,,,,2.0,LYON--5E--ARRONDISSEMENT
914,69006,,7.0,,,,,2.0,,,LYON--6E--ARRONDISSEMENT
915,69007,,110.0,240.0,161.0,121.0,132.0,273.0,246.0,155.0,LYON--7E--ARRONDISSEMENT
916,69008,,1.0,2.0,,,2.0,3.0,4.0,,LYON--8E--ARRONDISSEMENT
917,69009,,,,6.0,,8.0,,1.0,,LYON--9E--ARRONDISSEMENT
918,69100,,3.0,9.0,10.0,8.0,7.0,22.0,2.0,,VILLEURBANNE
919,69120,,,4.0,4.0,,12.0,,,,VAULX-EN-VELIN
920,69126,,,,,,,3.0,,,BRINDAS
921,69130,,,,,3.0,,,,,ECULLY
922,69140,,,2.0,,,,,,,RILLIEUX-LA-PAPE
923,69150,,19.0,,,,,,,,DECINES-CHARPIEU
924,69170,,,3.0,,,,,,,SAINT-APPOLINAIRE
925,69190,,,12.0,,,,,7.0,2.0,SAINT-FONS
926,69200,,3.0,2.0,2.0,,,,2.0,,VENISSIEUX
927,69290,,,3.0,,,,,,,SAINT-GENIS-LES-OLLIERES
928,69300,,,,,1.0,,,,,CALUIRE-ET-CUIRE
929,69330,,,,2.0,,,1.0,,1.0,JONS
930,69340,,,,,,,5.0,,,FRANCHEVILLE
931,69380,,,,,,,,7.0,,DOMMARTIN
932,69400,,,3.0,,9.0,8.0,2.0,9.0,,LIERGUES
933,69500,,,,5.0,1.0,,,,,BRON
934,69530,,,,1.0,,,,,,BRIGNAIS
935,69600,,,,,1.0,,,9.0,,OULLINS
936,69700,,,,,,,15.0,4.0,,ECHALAS
937,69780,,,,2.0,1.0,,,,,SAINT-PIERRE-DE-CHANDIEU
938,69800,,,,6.0,,19.0,1.0,2.0,,SAINT-PRIEST
939,69860,,,,,,1.0,,,,SAINT-JACQUES-DES-ARRETS
940,70000,,4.0,,,,,,,,ECHENOZ-LE-SEC
941,70052,,,,,,,,7.0,,
942,70180,,,,1.0,,,,,,BROTTE-LES-RAY
943,71000,,,22.0,2.0,1.0,1.0,,21.0,10.0,SANCE
944,71100,,,2.0,1.0,2.0,,2.0,16.0,,SEVREY
945,71200,,,,,,,,2.0,,SAINT-SERNIN-DU-BOIS
946,71250,,,,,,1.0,,,,BERGESSERIN
947,71300,,,,,,,,1.0,,SAINT-BERAIN-SOUS-SANVIGNES
948,71400,2.0,,,,,,,2.0,,TAVERNAY
949,71470,,,,,,1.0,,,,SAINTE-CROIX
950,71500,,,,,1.0,1.0,,,,LA CHAPELLE-NAUDE
951,71600,,,,,1.0,,,,,HAUTEFOND
952,71850,,,,,,,3.0,,,CHARNAY-LES-MACON
953,72000,,7.0,12.0,7.0,5.0,61.0,50.0,45.0,4.0,
954,72100,,1.0,8.0,1.0,2.0,42.0,2.0,7.0,,
955,72190,,,,,,,,,2.0,COULAINES
956,72200,,,1.0,,,,,5.0,,MAREIL-SUR-LOIR
957,72300,,,1.0,,2.0,,,,5.0,PARCE-SUR-SARTHE
958,72400,,,,,,3.0,,,,SAINT-AUBIN-DES-COUDRAIS
959,72440,,,,,,1.0,,,,MAISONCELLES
960,72560,3.0,,,,,,,,,CHANGE
961,73000,,,10.0,5.0,,,17.0,8.0,10.0,CHAMBERY
962,73200,,,,2.0,4.0,,,,,THENESOL
963,73500,,,,,1.0,,,,,MODANE
964,74000,,19.0,12.0,8.0,2.0,8.0,31.0,11.0,13.0,ANNECY
965,74100,,,7.0,21.0,,1.0,8.0,,,VILLE-LA-GRAND
966,74120,,,,,,,,,5.0,PRAZ-SUR-ARLY
967,74130,,4.0,,23.0,,,,,2.0,BONNEVILLE
968,74140,,,,,,,1.0,,,SCIEZ
969,74150,,11.0,8.0,,,,,8.0,,SAINT-EUSEBE
970,74160,,,,,,,2.0,,,BEAUMONT
971,74200,,,4.0,,,,,28.0,,ANTHY-SUR-LEMAN
972,74210,,2.0,,,,,,,,MARLENS
973,74300,,,,7.0,,,1.0,,,CLUSES
974,74330,,,,,1.0,,1.0,,2.0,EPAGNY
975,74350,,2.0,,,,,,,,VILLY-LE-PELLOUX
976,74370,,,,,,,1.0,,,LES OLLIERES
977,74400,,1.0,,,,,,,,CHAMONIX-MONT-BLANC
978,74580,,,,,3.0,,,,,VIRY
979,74700,,,,,,,,,2.0,CORDON
980,74800,,,,,,,,2.0,,SAINT-LAURENT
981,74930,,,,,,,1.0,,,SCIENTRIER
982,75000,2.0,54.0,61.0,43.0,73.0,55.0,26.0,50.0,40.0,PARIS
983,75001,11.0,229.0,152.0,191.0,212.0,139.0,152.0,151.0,144.0,PARIS-1ER-ARRONDISSEMENT
984,75002,7.0,110.0,121.0,122.0,148.0,89.0,92.0,175.0,51.0,PARIS-2E-ARRONDISSEMENT
985,75003,632.0,6260.0,6057.0,6204.0,5761.0,5287.0,5836.0,6231.0,4594.0,PARIS-3E-ARRONDISSEMENT
986,75004,12.0,211.0,92.0,102.0,157.0,96.0,93.0,92.0,212.0,PARIS-4E-ARRONDISSEMENT
987,75005,1.0,98.0,112.0,135.0,128.0,136.0,100.0,101.0,89.0,PARIS-5E-ARRONDISSEMENT
988,75006,17.0,59.0,163.0,106.0,69.0,45.0,48.0,86.0,31.0,PARIS-6E-ARRONDISSEMENT
989,75007,6.0,65.0,107.0,49.0,45.0,33.0,50.0,54.0,35.0,PARIS-7E-ARRONDISSEMENT
990,75008,2.0,163.0,66.0,147.0,154.0,101.0,140.0,210.0,61.0,PARIS-8E-ARRONDISSEMENT
991,75009,26.0,221.0,121.0,184.0,152.0,174.0,115.0,212.0,150.0,PARIS-9E-ARRONDISSEMENT
992,75010,65.0,947.0,746.0,561.0,559.0,665.0,470.0,594.0,573.0,PARIS-10E-ARRONDISSEMENT
993,75011,59.0,495.0,420.0,412.0,460.0,329.0,298.0,396.0,281.0,PARIS-11E-ARRONDISSEMENT
994,75012,95.0,662.0,469.0,425.0,693.0,592.0,902.0,467.0,734.0,PARIS-12E-ARRONDISSEMENT
995,75013,67.0,851.0,684.0,600.0,673.0,535.0,693.0,628.0,446.0,PARIS-13E-ARRONDISSEMENT
996,75014,39.0,477.0,321.0,1047.0,342.0,294.0,372.0,423.0,406.0,PARIS-14E-ARRONDISSEMENT
997,75015,51.0,856.0,779.0,513.0,547.0,382.0,460.0,645.0,369.0,PARIS-15E-ARRONDISSEMENT
998,75016,1.0,72.0,83.0,93.0,126.0,57.0,56.0,63.0,25.0,PARIS-16E-ARRONDISSEMENT
999,75017,36.0,416.0,230.0,251.0,318.0,312.0,152.0,222.0,376.0,PARIS-17E-ARRONDISSEMENT
1000,75018,93.0,1352.0,1083.0,961.0,775.0,780.0,764.0,880.0,613.0,PARIS-18E-ARRONDISSEMENT
1001,75019,60.0,699.0,613.0,637.0,508.0,511.0,760.0,397.0,396.0,PARIS-19E-ARRONDISSEMENT
1002,75020,68.0,581.0,474.0,372.0,504.0,346.0,303.0,352.0,354.0,PARIS-20E-ARRONDISSEMENT
1003,75116,,1.0,60.0,10.0,22.0,12.0,,35.0,1.0,
1004,75231,,9.0,,,,,,,,
1005,75571,4.0,86.0,146.0,77.0,146.0,65.0,2.0,2.0,,
1006,75706,,3.0,,2.0,11.0,1.0,12.0,21.0,9.0,
1007,76000,,2.0,,1.0,,15.0,7.0,3.0,20.0,ROUEN
1008,76100,,4.0,46.0,27.0,29.0,46.0,47.0,61.0,181.0,
1009,76140,,,,,,,21.0,,,LE PETIT-QUEVILLY
1010,76150,,,,,,,,,3.0,MAROMME
1011,76170,,,,,,,3.0,,,SAINT-ANTOINE-LA-FORET
1012,76200,,,,,11.0,,2.0,3.0,19.0,DIEPPE
1013,76210,,,,,,,,4.0,,MIRVILLE
1014,76220,,,,,,2.0,,,,ERNEMONT-LA-VILLETTE
1015,76230,,,,,,3.0,,,,ISNEAUVILLE
1016,76270,,,,,,3.0,,,,VATIERVILLE
1017,76280,,,,,4.0,,,,,HERMEVILLE
1018,76300,,4.0,,,1.0,,,,2.0,SOTTEVILLE-LES-ROUEN
1019,76390,,,,,,,,,18.0,NULLEMONT
1020,76400,,,1.0,,,,2.0,,6.0,COLLEVILLE
1021,76410,,1.0,,,3.0,,1.0,,5.0,CLEON
1022,76440,,,,,,2.0,,,,LE FOSSE
1023,76500,,19.0,,,9.0,,,,,ELBEUF
1024,76510,,,,,,,,,2.0,RICARVILLE-DU-VAL
1025,76530,,,,2.0,,,,,2.0,GRAND-COURONNE
1026,76600,,,,,2.0,,,7.0,,
1027,76610,,,,,3.0,,,1.0,,
1028,76690,,,,4.0,,,,,,LE BOCASSE
1029,76730,,,,,,,5.0,,,VENESTANVILLE
1030,76770,,,,,,,,,7.0,HOUPPEVILLE
1031,76800,,,,,,15.0,,,10.0,SAINT-ETIENNE-DU-ROUVRAY
1032,76920,,,,,3.0,,,,,AMFREVILLE-LA-MI-VOIE
1033,76950,,,,,2.0,,,,,LES GRANDES-VENTES
1034,77000,7.0,128.0,105.0,244.0,167.0,138.0,259.0,310.0,362.0,MEULIN
1035,77100,,18.0,39.0,60.0,31.0,22.0,16.0,90.0,154.0,MAREUIL-LES-MEAUX
1036,77120,,37.0,18.0,17.0,20.0,8.0,2.0,28.0,24.0,MOUROUX
1037,77122,,,,,,,2.0,,,MONTHYON
1038,77127,,,,8.0,,,1.0,9.0,3.0,LIEUSAINT
1039,77130,,2.0,3.0,15.0,120.0,55.0,11.0,14.0,56.0,SAINT-GERMAIN-LAVAL
1040,77140,,1.0,2.0,10.0,,105.0,20.0,24.0,5.0,NONVILLE
1041,77144,,,,,,,,2.0,,MONTEVRAIN
1042,77150,,,,,,5.0,,1.0,,LESIGNY
1043,77160,,1.0,3.0,13.0,,1.0,3.0,16.0,7.0,VULAINES-LES-PROVINS
1044,77170,,3.0,,4.0,,13.0,6.0,15.0,9.0,COUBERT
1045,77174,,,,,,,1.0,,,VILLENEUVE-LE-COMTE
1046,77176,,,2.0,5.0,1.0,14.0,28.0,52.0,1.0,NANDY
1047,77177,,,2.0,,,,,1.0,,BROU-SUR-CHANTEREINE
1048,77185,,,,2.0,8.0,61.0,2.0,17.0,1.0,LOGNES
1049,77186,,1.0,86.0,5.0,,4.0,12.0,15.0,34.0,NOISIEL
1050,77190,,12.0,30.0,5.0,1.0,3.0,9.0,4.0,4.0,VILLIERS-EN-BIERE
1051,77200,1.0,7.0,2.0,9.0,10.0,36.0,10.0,15.0,46.0,TORCY
1052,77210,,3.0,9.0,,3.0,3.0,,7.0,,AVON
1053,77220,,,,11.0,1.0,11.0,1.0,13.0,4.0,GRETZ-ARMAINVILLIERS
1054,77230,,3.0,3.0,2.0,1.0,12.0,2.0,14.0,,VINANTES
1055,77240,,,,,,1.0,21.0,8.0,5.0,CESSON
1056,77247,,,,,,2.0,,,,
1057,77250,,,,,2.0,6.0,,,1.0,VILLEMER
1058,77260,,,1.0,7.0,2.0,9.0,,5.0,,CHAMIGNY
1059,77270,,11.0,9.0,16.0,20.0,4.0,12.0,13.0,7.0,VILLEPARISIS
1060,77280,2.0,1.0,,,,,,,,OTHIS
1061,77290,,21.0,5.0,7.0,13.0,27.0,,9.0,2.0,MITRY-MORY
1062,77300,,8.0,17.0,11.0,12.0,17.0,,6.0,65.0,FONTAINEBLEAU
1063,77310,,,1.0,3.0,81.0,4.0,6.0,35.0,2.0,PRINGY
1064,77320,,,,,3.0,12.0,,,1.0,CHOISY-EN-BRIE
1065,77330,,,,,,,1.0,,,OZOIR-LA-FERRIERE
1066,77340,,17.0,24.0,14.0,3.0,13.0,11.0,18.0,2.0,PONTAULT-COMBAULT
1067,77350,,,,7.0,,3.0,2.0,13.0,9.0,BOISSETTES
1068,77360,,,1.0,,5.0,,,5.0,7.0,VAIRES-SUR-MARNE
1069,77370,,,,,,5.0,,,,CLOS-FONTAINE
1070,77380,,,1.0,3.0,,,,,,COMBS-LA-VILLE
1071,77400,,10.0,1.0,26.0,3.0,,5.0,15.0,4.0,THORIGNY-SUR-MARNE
1072,77410,,,,,4.0,18.0,6.0,,4.0,CHARNY
1073,77420,,2.0,5.0,1.0,,15.0,24.0,40.0,22.0,CHAMPS-SUR-MARNE
1074,77430,,,1.0,,,2.0,,,,CHAMPAGNE-SUR-SEINE
1075,77450,,,,,1.0,27.0,,4.0,,ISLES-LES-VILLENOY
1076,77460,,,,,,1.0,,,2.0,SOUPPES-SUR-LOING
1077,77480,,,1.0,2.0,,,,,5.0,MONTIGNY-LE-GUESDIER
1078,77500,6.0,11.0,27.0,77.0,23.0,27.0,24.0,63.0,27.0,CHELLES
1079,77515,,,,1.0,,,,,,FAREMOUTIERS
1080,77520,,,2.0,9.0,2.0,,,2.0,,PAROY
1081,77540,,,,,,,,3.0,,LA CHAPELLE-IGER
1082,77550,,9.0,1.0,1.0,5.0,14.0,12.0,19.0,13.0,MOISSY-CRAMAYEL
1083,77580,,,,,,,,,1.0,MAISONCELLES-EN-BRIE
1084,77590,,,,,,,,4.0,5.0,FONTAINE-LE-PORT
1085,77600,,,5.0,3.0,3.0,2.0,16.0,,,GUERMANTES
1086,77610,,7.0,12.0,,2.0,,,,,LA HOUSSAYE-EN-BRIE
1087,77630,,3.0,,,,,,,,SAINT-MARTIN-EN-BIERE
1088,77645,,,4.0,,,,,,,
1089,77650,,,,,,,1.0,,,CHALMAISON
1090,77660,,,,4.0,,,,,,SAINT-JEAN-LES-DEUX-JUMEAUX
1091,77680,,4.0,8.0,1.0,2.0,1.0,,20.0,,ROISSY-EN-BRIE
1092,77700,,1.0,,7.0,58.0,7.0,18.0,6.0,11.0,MAGNY-LE-HONGRE
1093,77701,,,,,,,2.0,,,
1094,77720,,,,,,,,10.0,,SAINT-OUEN-EN-BRIE
1095,77870,,,,2.0,10.0,,,,,VULAINES-SUR-SEINE
1096,77930,,4.0,,,,,,,,PERTHES
1097,77940,,,,,,,,,1.0,MONTMACHOUX
1098,77950,,,,,,,,1.0,,RUBELLES
1099,78000,15.0,206.0,322.0,311.0,401.0,137.0,290.0,293.0,192.0,VERSAILLES
1100,78100,13.0,126.0,64.0,145.0,65.0,50.0,138.0,146.0,138.0,SAINT-GERMAIN-EN-LAYE
1101,78110,,8.0,27.0,53.0,22.0,1.0,9.0,4.0,24.0,LE VESINET
1102,78112,,,,,2.0,,,,,FOURQUEUX
1103,78114,,10.0,5.0,9.0,5.0,4.0,,3.0,,MAGNY-LES-HAMEAUX
1104,78120,7.0,43.0,113.0,32.0,164.0,94.0,135.0,43.0,69.0,RAMBOUILLET
1105,78124,,,,,,,,2.0,,MAREIL-SUR-MAULDRE
1106,78130,8.0,143.0,176.0,162.0,156.0,38.0,106.0,166.0,99.0,CHAPET
1107,78140,,14.0,1.0,7.0,5.0,12.0,7.0,1.0,18.0,VELIZY-VILLACOUBLAY
1108,78150,5.0,3.0,8.0,6.0,,1.0,12.0,,,LE CHESNAY
1109,78160,,15.0,,8.0,2.0,3.0,3.0,10.0,17.0,MARLY-LE-ROI
1110,78170,,2.0,28.0,34.0,13.0,7.0,14.0,58.0,16.0,LA CELLE-SAINT-CLOUD
1111,78180,1.0,40.0,27.0,66.0,45.0,21.0,36.0,24.0,41.0,MONTIGNY-LE-BRETONNEUX
1112,78190,13.0,183.0,125.0,153.0,129.0,109.0,125.0,127.0,88.0,TRAPPES
1113,78200,28.0,829.0,470.0,558.0,526.0,524.0,679.0,583.0,297.0,FLACOURT
1114,78210,,2.0,4.0,,,,,2.0,,SAINT-CYR-L'ECOLE
1115,78220,,2.0,1.0,7.0,9.0,4.0,14.0,8.0,2.0,VIROFLAY
1116,78230,,8.0,1.0,8.0,2.0,,7.0,6.0,2.0,LE PECQ
1117,78240,,2.0,2.0,,1.0,,,,,CHAMBOURCY
1118,78250,,36.0,11.0,29.0,32.0,13.0,25.0,13.0,7.0,MEULAN-EN-YVELINES
1119,78260,,9.0,,10.0,3.0,9.0,3.0,4.0,,ACHERES
1120,78270,,70.0,23.0,17.0,5.0,8.0,24.0,14.0,35.0,BONNIERES-SUR-SEINE
1121,78280,8.0,27.0,38.0,41.0,39.0,32.0,20.0,70.0,46.0,GUYANCOURT
1122,78290,,8.0,3.0,4.0,,,19.0,4.0,2.0,CROISSY-SUR-SEINE
1123,78300,16.0,181.0,249.0,144.0,152.0,144.0,226.0,218.0,195.0,POISSY
1124,78310,,17.0,21.0,33.0,42.0,11.0,66.0,35.0,32.0,COIGNIERES
1125,78320,7.0,28.0,4.0,30.0,11.0,2.0,1.0,6.0,,LEVIS-SAINT-NOM
1126,78330,7.0,1.0,8.0,4.0,16.0,15.0,11.0,8.0,6.0,FONTENAY-LE-FLEURY
1127,78340,1.0,,5.0,3.0,12.0,2.0,48.0,11.0,10.0,LES CLAYES-SOUS-BOIS
1128,78350,,8.0,4.0,2.0,,14.0,,,,JOUY-EN-JOSAS
1129,78360,,,20.0,50.0,9.0,2.0,9.0,4.0,19.0,MONTESSON
1130,78370,,24.0,92.0,26.0,154.0,10.0,42.0,60.0,53.0,PLAISIR
1131,78380,,4.0,6.0,,12.0,,3.0,5.0,1.0,BOUGIVAL
1132,78390,,,1.0,2.0,2.0,3.0,2.0,,,BOIS-D'ARCY
1133,78400,1.0,26.0,10.0,57.0,19.0,17.0,36.0,38.0,42.0,CHATOU
1134,78410,,6.0,21.0,17.0,,6.0,10.0,6.0,13.0,LA FALAISE
1135,78430,,13.0,16.0,20.0,2.0,8.0,26.0,23.0,20.0,LOUVECIENNES
1136,78440,,3.0,39.0,,27.0,73.0,4.0,,,DROCOURT
1137,78450,,1.0,4.0,3.0,,,,,3.0,VILLEPREUX
1138,78460,11.0,,4.0,6.0,15.0,,,29.0,8.0,CHEVREUSE
1139,78480,1.0,6.0,10.0,5.0,12.0,13.0,2.0,19.0,8.0,VERNEUIL-SUR-SEINE
1140,78490,,7.0,,,,,,1.0,,BAZOCHES-SUR-GUYONNE
1141,78500,4.0,71.0,37.0,191.0,68.0,52.0,70.0,142.0,68.0,SARTROUVILLE
1142,78510,,4.0,2.0,4.0,20.0,3.0,8.0,37.0,7.0,TRIEL-SUR-SEINE
1143,78520,,42.0,8.0,34.0,28.0,15.0,23.0,58.0,10.0,LIMAY
1144,78530,,,,,2.0,1.0,,,,BUC
1145,78540,4.0,2.0,4.0,,9.0,6.0,1.0,8.0,2.0,VERNOUILLET
1146,78550,1.0,11.0,2.0,4.0,16.0,5.0,8.0,4.0,2.0,HOUDAN
1147,78560,,,,1.0,,15.0,18.0,,,LE PORT-MARLY
1148,78570,4.0,29.0,57.0,28.0,88.0,27.0,65.0,45.0,36.0,ANDRESY
1149,78580,,59.0,12.0,,1.0,2.0,1.0,5.0,8.0,MAULE
1150,78590,,,19.0,,2.0,,,2.0,1.0,RENNEMOULIN
1151,78600,,,10.0,5.0,3.0,8.0,4.0,6.0,6.0,LE MESNIL-LE-ROI
1152,78610,,,,,,,8.0,2.0,3.0,LE PERRAY-EN-YVELINES
1153,78620,,,3.0,,,,,,,L'ETANG-LA-VILLE
1154,78630,,2.0,3.0,1.0,3.0,,,,11.0,MORAINVILLIERS
1155,78640,,,2.0,,1.0,1.0,1.0,3.0,,SAINT-GERMAIN-DE-LA-GRANGE
1156,78650,,4.0,4.0,,,,40.0,,5.0,SAULX-MARCHAIS
1157,78660,,5.0,,,7.0,,,,2.0,ALLAINVILLE
1158,78670,,,1.0,3.0,,,,7.0,,MEDAN
1159,78680,,,,4.0,,,,,,EPONE
1160,78690,,,,1.0,1.0,,3.0,2.0,,SAINT-REMY-L'HONORE
1161,78700,12.0,119.0,106.0,97.0,62.0,87.0,139.0,180.0,56.0,CONFLANS-SAINTE-HONORINE
1162,78710,,,9.0,9.0,1.0,1.0,5.0,,2.0,ROSNY-SUR-SEINE
1163,78711,2.0,37.0,25.0,50.0,48.0,56.0,41.0,33.0,16.0,MANTES-LA-VILLE
1164,78720,,4.0,4.0,5.0,,,,,,SAINT-FORGET
1165,78730,,3.0,1.0,1.0,,,2.0,2.0,,SAINT-ARNOULT-EN-YVELINES
1166,78740,,,,,,,14.0,,4.0,EVECQUEMONT
1167,78760,,5.0,1.0,7.0,8.0,10.0,,3.0,5.0,JOUARS-PONTCHARTRAIN
1168,78770,,,,,,2.0,14.0,,,MARCQ
1169,78780,,,,1.0,,,4.0,,,MAURECOURT
1170,78800,,26.0,30.0,35.0,22.0,15.0,22.0,14.0,15.0,HOUILLES
1171,78810,,,,,,,3.0,,,FEUCHEROLLES
1172,78830,,1.0,,,3.0,1.0,1.0,5.0,,BONNELLES
1173,78860,,,9.0,,1.0,,,,1.0,SAINT-NOM-LA-BRETECHE
1174,78870,,,,,1.0,,1.0,,,BAILLY
1175,78910,,,,,4.0,,,,,CIVRY-LA-FORET
1176,78920,,,4.0,3.0,,,,,,ECQUEVILLY
1177,78930,,1.0,,1.0,2.0,,,,4.0,VERT
1178,78955,,,11.0,5.0,3.0,2.0,3.0,2.0,,CARRIERES-SOUS-POISSY
1179,78960,,10.0,1.0,2.0,,2.0,,,1.0,VOISINS-LE-BRETONNEUX
1180,78970,,1.0,1.0,,3.0,4.0,,1.0,,MEZIERES-SUR-SEINE
1181,78980,,61.0,,,2.0,7.0,1.0,,,MONDREVILLE
1182,78990,41.0,27.0,46.0,23.0,22.0,25.0,23.0,35.0,15.0,ELANCOURT
1183,79000,,21.0,12.0,19.0,,,6.0,3.0,,SCIECQ
1184,79300,,,,6.0,,,,3.0,,LA CHAPELLE-GAUDIN
1185,79370,,,1.0,,,,,,,THORIGNE
1186,80000,5.0,31.0,7.0,43.0,9.0,19.0,42.0,28.0,19.0,AMIENS
1187,80080,,,,,3.0,,3.0,,,
1188,80100,,,,3.0,,,,1.0,,ABBEVILLE
1189,80130,,,,,,,,2.0,,ALLENAY
1190,80240,,,,,,,2.0,,,VILLERS-FAUCON
1191,80300,,,,,2.0,,,,,FRICOURT
1192,80320,,,,,,1.0,,,,LIHONS
1193,80480,,,,1.0,,,,,,VERS-SUR-SELLES
1194,80610,,,,,,,,1.0,,SAINT-OUEN
1195,81000,,1.0,15.0,,,,1.0,12.0,,ALBI
1196,81100,,3.0,,,,,,3.0,,BURLATS
1197,81170,,,,,,,,2.0,,SOUEL
1198,81300,9.0,,,,,,,,4.0,MISSECLE
1199,81310,,,1.0,,,,,,,PEYROLE
1200,81400,,,,2.0,,,,,,ROSIERES
1201,81500,,3.0,,,,,,,,FIAC
1202,81600,,,2.0,1.0,,,3.0,,,RIVIERES
1203,82000,,,4.0,7.0,1.0,,,,,MONTAUBAN
1204,82120,,4.0,,,,,,,,LACHAPELLE
1205,82170,,,,6.0,,,,,,POMPIGNAN
1206,82200,,,5.0,1.0,1.0,,1.0,,,BOUDOU
1207,82300,,,,4.0,,,,,,MONTEILS
1208,83000,,,6.0,,,,1.0,2.0,,
1209,83100,,8.0,14.0,12.0,22.0,15.0,12.0,25.0,17.0,
1210,83110,,,,,,,2.0,,,SANARY-SUR-MER
1211,83120,,1.0,,,,,,,,SAINTE-MAXIME
1212,83130,,4.0,,,2.0,,,,,LA GARDE
1213,83150,,,,,2.0,,,,,BANDOL
1214,83170,,,9.0,,,,6.0,3.0,,VINS-SUR-CARAMY
1215,83190,,,,,,,6.0,,,OLLIOULES
1216,83200,,,,,,,,2.0,,LE REVEST-LES-EAUX
1217,83210,,,,1.0,,,,,,SOLLIES-TOUCAS
1218,83300,,,3.0,7.0,,1.0,,3.0,2.0,CHATEAUDOUBLE
1219,83310,,,,,,,22.0,,,LA MOLE
1220,83350,,,,,,,1.0,,,RAMATUELLE
1221,83370,,,,15.0,,,,,,
1222,83400,,,,,,,5.0,,,HYERES
1223,83440,,,,,,,,2.0,,SAINT-PAUL-EN-FORET
1224,83460,,,,1.0,,,,,,LES ARCS
1225,83470,,,1.0,,,,,,,SAINT-MAXIMIN-LA-SAINTE-BAUME
1226,83480,,,,3.0,,,,,,PUGET-SUR-ARGENS
1227,83500,,,2.0,1.0,2.0,,15.0,,,LA SEYNE-SUR-MER
1228,83560,,1.0,,,,,,,,RIANS
1229,83600,,,,24.0,,,,,,LES ADRETS-DE-L'ESTEREL
1230,83700,,,,43.0,,,2.0,,,
1231,83830,,3.0,,1.0,,,,,,CALLAS
1232,83840,,,,,,,,1.0,,LA ROQUE-ESCLAPON
1233,83990,,,,3.0,,,,1.0,,SAINT-TROPEZ
1234,84000,8.0,5.0,34.0,4.0,32.0,19.0,12.0,7.0,15.0,AVIGNON
1235,84130,,,,,,,1.0,1.0,,LE PONTET
1236,84200,,,4.0,,,,2.0,,10.0,CARPENTRAS
1237,84300,,10.0,1.0,4.0,,,,,,CAVAILLON
1238,84400,,7.0,,,,,,,,CASTELLET
1239,85000,,7.0,19.0,7.0,17.0,1.0,15.0,,22.0,MOUILLERON-LE-CAPTIF
1240,85017,,,,,,,4.0,,,
1241,85100,,3.0,3.0,,,,9.0,,,LES SABLES-D'OLONNE
1242,85160,,,,,,2.0,,,,SAINT-JEAN-DE-MONTS
1243,85170,,,,,,,,1.0,,BEAUFOU
1244,85200,,,,7.0,,2.0,,,1.0,LONGEVES
1245,85300,,,3.0,,,,4.0,,,SALLERTAINE
1246,85340,,,,,,,,3.0,,L'ILE-D'OLONNE
1247,85400,,,,,1.0,,,,1.0,LAIROUX
1248,85440,,1.0,,,,,,,,SAINT-HILAIRE-LA-FORET
1249,85500,,,,,,,13.0,,9.0,BEAUREPAIRE
1250,85600,,,,,,,,1.0,,MONTAIGU
1251,85610,,,,,,,,11.0,,LA BERNARDIERE
1252,85670,,,,10.0,,,,7.0,,FALLERON
1253,85740,,,,,,,,1.0,,L'EPINE
1254,85800,,1.0,,,,4.0,1.0,3.0,2.0,GIVRAND
1255,86000,,2.0,20.0,26.0,2.0,,19.0,8.0,4.0,POITIERS
1256,86100,,3.0,7.0,11.0,,6.0,,1.0,1.0,CHATELLERAULT
1257,86120,,1.0,,,,,,,,TERNAY
1258,86160,,,,,,,2.0,,,SAINT-MAURICE-LA-CLOUERE
1259,86240,,,,,,,,8.0,,SMARVES
1260,86350,,,,,,,2.0,,,USSON-DU-POITOU
1261,86500,,,,3.0,,,,,,JOUHET
1262,87000,,,,18.0,,,,,3.0,
1263,87100,,1.0,8.0,18.0,19.0,15.0,54.0,35.0,7.0,
1264,88000,,12.0,3.0,,,2.0,,,,JEUXEY
1265,88200,,,,,,,4.0,,,REMIREMONT
1266,88300,,,,,,1.0,,,,BAZOILLES-SUR-MEUSE
1267,88560,,,,1.0,,,,,,SAINT-MAURICE-SUR-MOSELLE
1268,88800,,3.0,,3.0,,,,,,MANDRES-SUR-VAIR
1269,89000,,4.0,5.0,3.0,,5.0,,,,PERRIGNY
1270,89100,,12.0,,2.0,2.0,3.0,,,,MALAY-LE-PETIT
1271,89130,,1.0,,,,,,,,MEZILLES
1272,89150,,,,,,2.0,,,,DOLLOT
1273,89200,,,,,1.0,,2.0,,,ANNAY-LA-COTE
1274,89300,,,,,,13.0,,1.0,,PAROY-SUR-THOLON
1275,89400,,2.0,,1.0,,,,,,BONNARD
1276,89500,,,,,14.0,,,,,CHAUMOT
1277,89600,,,,,,,,1.0,,CHEU
1278,89700,,,,,,,,2.0,,SERRIGNY
1279,90000,,,3.0,4.0,,,,5.0,,BELFORT
1280,90100,,,4.0,,,,,,,JONCHEREY
1281,90300,,,,,,,1.0,,,OFFEMONT
1282,90600,,,,,,,,3.0,,GRANDVILLARS
1283,91000,,74.0,44.0,69.0,52.0,35.0,47.0,114.0,124.0,EVRY
1284,91080,,5.0,,,1.0,6.0,4.0,3.0,1.0,COURCOURONNES
1285,91090,,,,12.0,,2.0,,2.0,3.0,LISSES
1286,91100,,62.0,39.0,47.0,26.0,34.0,35.0,78.0,104.0,VILLABE
1287,91102,,,,,,,,,2.0,
1288,91120,,13.0,12.0,17.0,27.0,111.0,10.0,32.0,12.0,PALAISEAU
1289,91130,,,,16.0,18.0,18.0,11.0,65.0,5.0,RIS-ORANGIS
1290,91140,,7.0,,2.0,8.0,1.0,,2.0,1.0,VILLEBON-SUR-YVETTE
1291,91150,,8.0,34.0,10.0,,3.0,52.0,8.0,81.0,MESPUITS
1292,91160,,10.0,15.0,15.0,9.0,68.0,21.0,10.0,4.0,LONGJUMEAU
1293,91170,,21.0,5.0,51.0,3.0,31.0,48.0,28.0,92.0,VIRY-CHATILLON
1294,91190,,,,1.0,19.0,3.0,30.0,9.0,1.0,SAINT-AUBIN
1295,91200,9.0,70.0,111.0,137.0,81.0,63.0,210.0,174.0,207.0,ATHIS-MONS
1296,91210,,1.0,,20.0,2.0,3.0,13.0,7.0,,DRAVEIL
1297,91220,,,,1.0,2.0,,,3.0,8.0,LE PLESSIS-PATE
1298,91230,,15.0,4.0,13.0,1.0,23.0,8.0,25.0,60.0,MONTGERON
1299,91240,,3.0,10.0,20.0,,,,2.0,6.0,SAINT-MICHEL-SUR-ORGE
1300,91260,2.0,18.0,20.0,60.0,22.0,17.0,31.0,27.0,49.0,JUVISY-SUR-ORGE
1301,91270,,18.0,,23.0,3.0,6.0,16.0,13.0,4.0,VIGNEUX-SUR-SEINE
1302,91280,,,,,,,,5.0,,SAINT-PIERRE-DU-PERRAY
1303,91290,,,14.0,8.0,,,5.0,2.0,8.0,LA NORVILLE
1304,91300,1.0,44.0,36.0,102.0,51.0,57.0,55.0,180.0,49.0,MASSY
1305,91310,,,4.0,,,,3.0,,,LINAS
1306,91320,,19.0,1.0,,,,,,,WISSOUS
1307,91330,,4.0,1.0,7.0,44.0,3.0,11.0,19.0,15.0,YERRES
1308,91350,,9.0,29.0,39.0,3.0,25.0,100.0,62.0,41.0,GRIGNY
1309,91360,,,15.0,24.0,4.0,4.0,1.0,4.0,30.0,EPINAY-SUR-ORGE
1310,91370,,,3.0,,,,,,2.0,VERRIERES-LE-BUISSON
1311,91380,,4.0,20.0,1.0,8.0,3.0,9.0,2.0,9.0,CHILLY-MAZARIN
1312,91390,,4.0,,9.0,1.0,,4.0,7.0,,MORSANG-SUR-ORGE
1313,91400,2.0,16.0,19.0,1.0,7.0,1.0,3.0,7.0,,GOMETZ-LA-VILLE
1314,91410,,,,,1.0,,,,1.0,AUTHON-LA-PLAINE
1315,91420,,,,5.0,1.0,1.0,20.0,2.0,2.0,MORANGIS
1316,91430,,1.0,,,,1.0,,,,IGNY
1317,91440,,,,3.0,,,2.0,1.0,4.0,BURES-SUR-YVETTE
1318,91450,,,,,,4.0,,16.0,9.0,SOISY-SUR-SEINE
1319,91460,,,,,4.0,,,,,MARCOUSSIS
1320,91470,,,8.0,,,,,9.0,,FORGES-LES-BAINS
1321,91480,,,8.0,,,,3.0,,,VARENNES-JARCY
1322,91490,,,,5.0,,,,,,DANNEMOIS
1323,91510,,,,,,,2.0,1.0,,JANVILLE-SUR-JUINE
1324,91530,,,,,,,7.0,,12.0,SAINT-MAURICE-MONTCOURONNE
1325,91540,,,5.0,,,4.0,3.0,14.0,,ECHARCON
1326,91550,,,3.0,,,,5.0,8.0,,PARAY-VIEILLE-POSTE
1327,91560,,,5.0,4.0,1.0,,3.0,,2.0,CROSNE
1328,91590,,,,2.0,,,1.0,6.0,7.0,D'HUISON-LONGUEVILLE
1329,91600,,29.0,30.0,27.0,15.0,1.0,70.0,21.0,65.0,SAVIGNY-SUR-ORGE
1330,91630,,,,1.0,,,3.0,9.0,,GUIBEVILLE
1331,91640,,,1.0,,,,,,,VAUGRIGNEUSE
1332,91680,,,,,,,4.0,,3.0,BRUYERES-LE-CHATEL
1333,91700,,8.0,8.0,12.0,2.0,1.0,15.0,18.0,11.0,SAINTE-GENEVIEVE-DES-BOIS
1334,91730,,,,39.0,,,,,,TORFOU
1335,91750,,,,,,,6.0,,,CHEVANNES
1336,91800,1.0,17.0,,11.0,25.0,2.0,11.0,11.0,28.0,BRUNOY
1337,91830,,7.0,,,2.0,,,1.0,,AUVERNAUX
1338,91860,,,,,,,2.0,5.0,,EPINAY-SOUS-SENART
1339,91940,3.0,24.0,15.0,19.0,15.0,23.0,32.0,95.0,36.0,LES ULIS
1340,91961,,,8.0,,2.0,,,,,
1341,92000,38.0,241.0,264.0,408.0,303.0,203.0,391.0,240.0,212.0,NANTERRE
1342,92100,6.0,29.0,135.0,98.0,75.0,61.0,226.0,91.0,48.0,BOULOGNE-BILLANCOURT
1343,92110,4.0,137.0,181.0,91.0,144.0,117.0,114.0,122.0,136.0,CLICHY
1344,92120,3.0,142.0,89.0,30.0,57.0,50.0,50.0,81.0,21.0,MONTROUGE
1345,92130,4.0,56.0,54.0,120.0,13.0,20.0,43.0,66.0,25.0,ISSY-LES-MOULINEAUX
1346,92140,9.0,412.0,153.0,220.0,177.0,213.0,204.0,324.0,182.0,CLAMART
1347,92150,,11.0,28.0,31.0,55.0,25.0,76.0,60.0,33.0,SURESNES
1348,92160,21.0,59.0,26.0,69.0,64.0,53.0,94.0,71.0,72.0,ANTONY
1349,92170,,34.0,17.0,11.0,15.0,30.0,48.0,11.0,6.0,VANVES
1350,92190,2.0,,,,11.0,8.0,,5.0,7.0,
1351,92200,2.0,114.0,7.0,10.0,2.0,3.0,2.0,8.0,7.0,NEUILLY-SUR-SEINE
1352,92205,,25.0,19.0,16.0,17.0,8.0,14.0,22.0,11.0,
1353,92210,,17.0,24.0,9.0,13.0,13.0,21.0,14.0,2.0,SAINT-CLOUD
1354,92220,25.0,175.0,48.0,36.0,49.0,67.0,51.0,80.0,59.0,BAGNEUX
1355,92230,28.0,191.0,132.0,170.0,115.0,55.0,167.0,153.0,117.0,GENNEVILLIERS
1356,92240,18.0,110.0,101.0,48.0,155.0,69.0,82.0,94.0,40.0,MALAKOFF
1357,92250,,3.0,9.0,11.0,14.0,9.0,19.0,12.0,10.0,LA GARENNE-COLOMBES
1358,92260,2.0,11.0,11.0,25.0,25.0,20.0,5.0,9.0,4.0,FONTENAY-AUX-ROSES
1359,92270,,1.0,49.0,4.0,5.0,12.0,2.0,17.0,43.0,BOIS-COLOMBES
1360,92290,12.0,10.0,9.0,24.0,6.0,12.0,10.0,13.0,2.0,CHATENAY-MALABRY
1361,92300,3.0,97.0,37.0,48.0,52.0,35.0,22.0,56.0,28.0,LEVALLOIS-PERRET
1362,92310,,15.0,6.0,12.0,6.0,,6.0,6.0,,SEVRES
1363,92320,6.0,23.0,4.0,23.0,34.0,30.0,5.0,16.0,41.0,CHATILLON
1364,92330,,5.0,2.0,15.0,10.0,1.0,2.0,9.0,2.0,SCEAUX
1365,92340,2.0,31.0,9.0,14.0,27.0,31.0,9.0,3.0,18.0,BOURG-LA-REINE
1366,92350,,15.0,2.0,8.0,24.0,8.0,1.0,5.0,,LE PLESSIS-ROBINSON
1367,92360,2.0,40.0,3.0,19.0,18.0,12.0,7.0,50.0,32.0,
1368,92370,4.0,4.0,17.0,12.0,18.0,4.0,2.0,,14.0,CHAVILLE
1369,92380,,,10.0,,4.0,,8.0,8.0,,GARCHES
1370,92390,,48.0,66.0,19.0,21.0,38.0,87.0,30.0,18.0,VILLENEUVE-LA-GARENNE
1371,92400,6.0,132.0,218.0,125.0,81.0,62.0,104.0,162.0,71.0,COURBEVOIE
1372,92410,,,4.0,3.0,,,,,,VILLE-D'AVRAY
1373,92420,,,,25.0,14.0,3.0,,,,VAUCRESSON
1374,92430,,3.0,2.0,2.0,,,,,,MARNES-LA-COQUETTE
1375,92500,10.0,32.0,78.0,92.0,31.0,33.0,33.0,42.0,28.0,RUEIL-MALMAISON
1376,92600,3.0,236.0,138.0,257.0,163.0,80.0,159.0,148.0,117.0,ASNIERES-SUR-SEINE
1377,92700,12.0,223.0,134.0,135.0,190.0,120.0,116.0,218.0,193.0,COLOMBES
1378,92800,5.0,69.0,55.0,29.0,27.0,55.0,100.0,55.0,32.0,PUTEAUX
1379,93000,24.0,219.0,226.0,246.0,213.0,192.0,205.0,320.0,174.0,BOBIGNY
1380,93027,13.0,120.0,101.0,80.0,95.0,313.0,181.0,270.0,110.0,
1381,93100,146.0,625.0,483.0,507.0,479.0,461.0,464.0,592.0,260.0,MONTREUIL
1382,93110,31.0,187.0,154.0,170.0,68.0,78.0,175.0,128.0,211.0,ROSNY-SOUS-BOIS
1383,93117,,,,,5.0,,,,29.0,
1384,93120,,61.0,16.0,27.0,83.0,67.0,105.0,42.0,24.0,LA COURNEUVE
1385,93130,,75.0,51.0,43.0,57.0,50.0,43.0,76.0,14.0,NOISY-LE-SEC
1386,93140,18.0,262.0,199.0,272.0,110.0,277.0,261.0,200.0,180.0,BONDY
1387,93150,12.0,138.0,170.0,120.0,118.0,66.0,79.0,132.0,68.0,LE BLANC-MESNIL
1388,93160,1.0,65.0,54.0,128.0,111.0,123.0,90.0,41.0,39.0,NOISY-LE-GRAND
1389,93170,,33.0,118.0,83.0,26.0,49.0,23.0,41.0,103.0,BAGNOLET
1390,93190,18.0,150.0,102.0,55.0,19.0,74.0,24.0,40.0,31.0,LIVRY-GARGAN
1391,93200,79.0,840.0,828.0,1129.0,591.0,817.0,744.0,738.0,608.0,
1392,93210,,2.0,40.0,6.0,31.0,7.0,2.0,26.0,12.0,
1393,93220,13.0,27.0,26.0,76.0,31.0,67.0,103.0,72.0,40.0,GAGNY
1394,93230,,32.0,43.0,70.0,58.0,51.0,40.0,40.0,14.0,ROMAINVILLE
1395,93240,1.0,52.0,50.0,117.0,65.0,49.0,76.0,87.0,26.0,STAINS
1396,93250,,60.0,80.0,33.0,13.0,34.0,36.0,5.0,3.0,VILLEMOMBLE
1397,93260,,24.0,32.0,37.0,80.0,111.0,3.0,8.0,9.0,LES LILAS
1398,93270,50.0,159.0,124.0,141.0,261.0,107.0,119.0,66.0,36.0,SEVRAN
1399,93290,3.0,28.0,21.0,32.0,13.0,16.0,26.0,16.0,36.0,TREMBLAY-EN-FRANCE
1400,93300,114.0,943.0,664.0,1027.0,925.0,885.0,876.0,711.0,682.0,AUBERVILLIERS
1401,93310,3.0,9.0,17.0,30.0,40.0,65.0,35.0,43.0,58.0,LE PRE-SAINT-GERVAIS
1402,93320,3.0,6.0,2.0,12.0,4.0,36.0,39.0,14.0,6.0,LES PAVILLONS-SOUS-BOIS
1403,93330,,24.0,6.0,90.0,42.0,10.0,17.0,38.0,24.0,NEUILLY-SUR-MARNE
1404,93340,,18.0,15.0,10.0,7.0,19.0,7.0,10.0,,LE RAINCY
1405,93350,,33.0,49.0,56.0,21.0,51.0,51.0,63.0,22.0,LE BOURGET
1406,93360,5.0,15.0,32.0,42.0,22.0,2.0,20.0,10.0,5.0,NEUILLY-PLAISANCE
1407,93370,1.0,19.0,13.0,15.0,30.0,33.0,19.0,12.0,13.0,MONTFERMEIL
1408,93380,8.0,48.0,65.0,58.0,11.0,47.0,42.0,34.0,33.0,PIERREFITTE-SUR-SEINE
1409,93390,1.0,25.0,51.0,97.0,27.0,35.0,23.0,10.0,13.0,CLICHY-SOUS-BOIS
1410,93400,14.0,140.0,116.0,133.0,76.0,93.0,128.0,184.0,75.0,SAINT-OUEN
1411,93406,,1.0,3.0,3.0,,,17.0,,4.0,
1412,93410,,127.0,14.0,41.0,19.0,1.0,11.0,2.0,5.0,VAUJOURS
1413,93420,13.0,83.0,26.0,27.0,25.0,39.0,142.0,108.0,19.0,VILLEPINTE
1414,93430,,31.0,12.0,87.0,7.0,11.0,44.0,3.0,1.0,VILLETANEUSE
1415,93440,,78.0,15.0,15.0,11.0,2.0,11.0,1.0,3.0,DUGNY
1416,93450,,,,,4.0,,,,1.0,L'ILE-SAINT-DENIS
1417,93460,,,,,,,14.0,,,GOURNAY-SUR-MARNE
1418,93470,,,1.0,,,,2.0,,3.0,COUBRON
1419,93500,20.0,367.0,332.0,365.0,481.0,413.0,341.0,249.0,128.0,PANTIN
1420,93600,15.0,257.0,199.0,144.0,137.0,149.0,273.0,121.0,96.0,AULNAY-SOUS-BOIS
1421,93700,33.0,142.0,107.0,99.0,111.0,124.0,92.0,88.0,92.0,DRANCY
1422,93800,7.0,96.0,83.0,109.0,82.0,47.0,55.0,98.0,48.0,EPINAY-SUR-SEINE
1423,94000,45.0,507.0,367.0,641.0,508.0,608.0,544.0,612.0,424.0,CRETEIL
1424,94100,,23.0,47.0,67.0,55.0,82.0,140.0,105.0,62.0,
1425,94110,13.0,120.0,84.0,80.0,40.0,29.0,73.0,34.0,23.0,ARCUEIL
1426,94120,17.0,91.0,36.0,96.0,82.0,59.0,78.0,78.0,55.0,FONTENAY-SOUS-BOIS
1427,94130,,11.0,25.0,35.0,9.0,69.0,26.0,30.0,39.0,NOGENT-SUR-MARNE
1428,94140,25.0,65.0,88.0,117.0,78.0,41.0,108.0,155.0,74.0,ALFORTVILLE
1429,94150,,8.0,24.0,3.0,5.0,1.0,14.0,12.0,7.0,RUNGIS
1430,94160,,6.0,7.0,1.0,,,,,,SAINT-MANDE
1431,94170,,24.0,38.0,31.0,20.0,17.0,3.0,2.0,22.0,LE PERREUX-SUR-MARNE
1432,94190,11.0,72.0,100.0,122.0,86.0,55.0,72.0,118.0,107.0,VILLENEUVE-SAINT-GEORGES
1433,94200,13.0,314.0,349.0,216.0,288.0,258.0,193.0,278.0,108.0,IVRY-SUR-SEINE
1434,94210,,,9.0,6.0,,2.0,4.0,,,
1435,94220,,33.0,38.0,26.0,58.0,32.0,46.0,37.0,17.0,CHARENTON-LE-PONT
1436,94230,8.0,62.0,49.0,96.0,47.0,50.0,40.0,20.0,24.0,CACHAN
1437,94240,,2.0,3.0,1.0,1.0,35.0,19.0,3.0,,L'HAY-LES-ROSES
1438,94250,,68.0,14.0,59.0,32.0,24.0,51.0,34.0,132.0,GENTILLY
1439,94260,,33.0,62.0,35.0,80.0,54.0,97.0,52.0,16.0,FRESNES
1440,94270,3.0,46.0,87.0,27.0,85.0,54.0,49.0,89.0,48.0,LE KREMLIN-BICETRE
1441,94290,14.0,65.0,41.0,87.0,54.0,40.0,29.0,13.0,5.0,VILLENEUVE-LE-ROI
1442,94300,14.0,43.0,54.0,53.0,47.0,30.0,63.0,33.0,39.0,VINCENNES
1443,94306,,,,,1.0,,,,,
1444,94310,35.0,602.0,746.0,576.0,312.0,628.0,428.0,411.0,338.0,ORLY
1445,94320,,14.0,4.0,10.0,55.0,56.0,25.0,54.0,21.0,THIAIS
1446,94340,,8.0,4.0,16.0,29.0,13.0,13.0,50.0,24.0,JOINVILLE-LE-PONT
1447,94350,25.0,22.0,24.0,96.0,30.0,24.0,208.0,13.0,25.0,VILLIERS-SUR-MARNE
1448,94360,,,8.0,7.0,35.0,12.0,30.0,25.0,5.0,BRY-SUR-MARNE
1449,94370,3.0,17.0,37.0,34.0,24.0,10.0,12.0,53.0,13.0,SUCY-EN-BRIE
1450,94380,6.0,16.0,33.0,25.0,25.0,31.0,27.0,36.0,4.0,BONNEUIL-SUR-MARNE
1451,94390,,,3.0,5.0,2.0,,8.0,4.0,,
1452,94400,13.0,249.0,295.0,403.0,444.0,178.0,299.0,362.0,276.0,VITRY-SUR-SEINE
1453,94410,,1.0,7.0,26.0,2.0,3.0,4.0,15.0,3.0,SAINT-MAURICE
1454,94420,,14.0,,13.0,13.0,5.0,7.0,8.0,15.0,LE PLESSIS-TREVISE
1455,94430,,,9.0,46.0,,3.0,,,,CHENNEVIERES-SUR-MARNE
1456,94440,,33.0,22.0,46.0,24.0,4.0,9.0,3.0,7.0,MAROLLES-EN-BRIE
1457,94450,,31.0,76.0,116.0,46.0,25.0,31.0,20.0,6.0,LIMEIL-BREVANNES
1458,94460,,15.0,6.0,16.0,29.0,67.0,39.0,26.0,50.0,VALENTON
1459,94470,,12.0,52.0,45.0,54.0,58.0,45.0,26.0,58.0,BOISSY-SAINT-LEGER
1460,94480,,37.0,3.0,26.0,8.0,2.0,6.0,1.0,,ABLON-SUR-SEINE
1461,94490,,,,9.0,,3.0,,,1.0,ORMESSON-SUR-MARNE
1462,94500,4.0,85.0,81.0,262.0,165.0,62.0,212.0,305.0,296.0,CHAMPIGNY-SUR-MARNE
1463,94510,,,1.0,2.0,,1.0,,,15.0,LA QUEUE-EN-BRIE
1464,94520,,,,8.0,,,,,,MANDRES-LES-ROSES
1465,94550,,21.0,9.0,6.0,42.0,4.0,16.0,27.0,56.0,CHEVILLY-LARUE
1466,94600,3.0,135.0,53.0,198.0,131.0,88.0,179.0,164.0,118.0,CHOISY-LE-ROI
1467,94700,7.0,52.0,151.0,86.0,181.0,83.0,45.0,93.0,59.0,MAISONS-ALFORT
1468,94800,9.0,137.0,110.0,248.0,183.0,217.0,258.0,314.0,57.0,VILLEJUIF
1469,94880,,2.0,,,2.0,,,,3.0,NOISEAU
1470,95000,211.0,176.0,187.0,223.0,253.0,157.0,284.0,399.0,164.0,CERGY
1471,95002,,,8.0,2.0,11.0,,1.0,2.0,,
1472,95100,,45.0,106.0,304.0,98.0,29.0,90.0,143.0,75.0,ARGENTEUIL
1473,95110,,20.0,,1.0,,2.0,11.0,,,SANNOIS
1474,95120,,9.0,29.0,1.0,89.0,9.0,8.0,29.0,14.0,ERMONT
1475,95130,,25.0,,46.0,28.0,12.0,7.0,32.0,8.0,FRANCONVILLE
1476,95140,,27.0,15.0,39.0,16.0,29.0,38.0,28.0,36.0,GARGES-LES-GONESSE
1477,95150,,8.0,,16.0,15.0,5.0,19.0,29.0,5.0,TAVERNY
1478,95160,,7.0,,22.0,6.0,,2.0,3.0,,MONTMORENCY
1479,95170,,3.0,6.0,,1.0,38.0,2.0,4.0,15.0,DEUIL-LA-BARRE
1480,95180,,,,,2.0,,2.0,,,MENUCOURT
1481,95190,5.0,17.0,16.0,34.0,63.0,17.0,55.0,43.0,23.0,CHATENAY-EN-FRANCE
1482,95200,20.0,78.0,65.0,97.0,175.0,82.0,117.0,43.0,77.0,SARCELLES
1483,95210,,2.0,,,13.0,8.0,,2.0,5.0,SAINT-GRATIEN
1484,95220,,4.0,1.0,60.0,18.0,7.0,1.0,37.0,7.0,HERBLAY
1485,95230,,7.0,,15.0,1.0,,11.0,11.0,11.0,SOISY-SOUS-MONTMORENCY
1486,95240,,2.0,,2.0,6.0,4.0,,10.0,2.0,CORMEILLES-EN-PARISIS
1487,95250,,,,6.0,2.0,1.0,2.0,4.0,14.0,BEAUCHAMP
1488,95260,,,,28.0,,,,,7.0,BEAUMONT-SUR-OISE
1489,95270,,,,,5.0,,1.0,,,VIARMES
1490,95280,,,3.0,30.0,,,8.0,4.0,,JOUY-LE-MOUTIER
1491,95290,,,,,9.0,,,,5.0,L'ISLE-ADAM
1492,95300,,60.0,23.0,99.0,17.0,9.0,39.0,21.0,34.0,HEROUVILLE
1493,95310,,14.0,4.0,7.0,34.0,,7.0,1.0,,SAINT-OUEN-L'AUMONE
1494,95320,,,,1.0,16.0,2.0,6.0,1.0,,SAINT-LEU-LA-FORET
1495,95330,,4.0,10.0,3.0,3.0,,8.0,9.0,21.0,DOMONT
1496,95340,,,4.0,,46.0,,3.0,8.0,18.0,RONQUEROLLES
1497,95350,,,,,,11.0,,137.0,,SAINT-BRICE-SOUS-FORET
1498,95360,,,,7.0,4.0,,4.0,4.0,1.0,MONTMAGNY
1499,95370,,1.0,,11.0,,1.0,5.0,8.0,8.0,MONTIGNY-LES-CORMEILLES
1500,95380,,1.0,3.0,5.0,3.0,8.0,14.0,6.0,20.0,PUISEUX-EN-FRANCE
1501,95390,,,,1.0,4.0,10.0,1.0,,,SAINT-PRIX
1502,95400,3.0,76.0,38.0,19.0,55.0,10.0,43.0,48.0,30.0,ARNOUVILLE
1503,95410,,,,9.0,,,1.0,,,GROSLAY
1504,95420,,,,13.0,,,12.0,,5.0,OMERVILLE
1505,95430,,4.0,10.0,,,5.0,1.0,1.0,9.0,BUTRY-SUR-OISE
1506,95440,,,,13.0,1.0,,6.0,,28.0,ECOUEN
1507,95460,1.0,,,10.0,,,6.0,,,EZANVILLE
1508,95470,,6.0,22.0,4.0,3.0,,3.0,,6.0,SURVILLIERS
1509,95480,,10.0,95.0,9.0,44.0,49.0,3.0,8.0,,PIERRELAYE
1510,95490,,,2.0,,,,6.0,4.0,,VAUREAL
1511,95500,,10.0,12.0,27.0,18.0,57.0,81.0,31.0,95.0,GONESSE
1512,95520,,7.0,,3.0,3.0,10.0,6.0,7.0,21.0,OSNY
1513,95540,,,,4.0,2.0,8.0,2.0,6.0,3.0,MERY-SUR-OISE
1514,95550,,,,,24.0,3.0,,6.0,5.0,BESSANCOURT
1515,95560,,,,6.0,,,22.0,,,MONTSOULT
1516,95570,,,,,,1.0,1.0,,4.0,ATTAINVILLE
1517,95580,,1.0,,,,,,,,MARGENCY
1518,95600,,1.0,3.0,17.0,64.0,2.0,22.0,8.0,2.0,EAUBONNE
1519,95610,,12.0,16.0,,,7.0,1.0,5.0,,ERAGNY
1520,95620,,,,,5.0,2.0,,,,PARMAIN
1521,95630,,,3.0,,,,,,,MERIEL
1522,95670,,,,4.0,,,,,,MARLY-LA-VILLE
1523,95700,,1.0,,2.0,6.0,9.0,511.0,699.0,155.0,ROISSY-EN-FRANCE
1524,95750,,,,,,,3.0,,,LE BELLAY-EN-VEXIN
1525,95800,11.0,65.0,188.0,144.0,244.0,119.0,154.0,91.0,153.0,COURDIMANCHE
1526,95850,,1.0,,,,,,,,JAGNY-SOUS-BOIS
1527,95870,2.0,9.0,18.0,55.0,86.0,83.0,39.0,13.0,38.0,BEZONS
1528,95880,,3.0,,6.0,,3.0,7.0,23.0,36.0,ENGHIEN-LES-BAINS
1529,97400,,,,,,,1.0,,1.0,SAINT-DENIS
1530,97490,,2.0,,,,,,,3.0,
1531,98000,,,,,,,,2.0,,
